date,hour,cell_id,slice_type,latency_ms_avg,latency_ms_p95,prb_util_dl_avg,prb_util_ul_avg,sinr_db_avg,rsrp_dbm_avg,ue_count_peak,throughput_mbps_avg,handover_count_avg,drop_rate_avg,jitter_ms_avg,congestion_ratio,spectral_eff_bps_per_hz_avg,edge_latency_pressure_avg,ai_ran_efficiency_score_avg
2026-01-01,2026-01-01 06:00:00,cell_mfg_001,URLLC,5.610420856824285,6.676387009390833,0.3251587632323765,0.26903982016185185,18.95325205602951,-86.76295718959307,8,58.02198567220366,0.9166666666666666,0.0038814333857117734,4.560255008378749,0.0,0.5802198567220366,1.5829096949115524,8.174607755988484
2026-01-01,2026-01-01 06:00:00,cell_mfg_002,URLLC,6.165514571805006,7.615827401549844,0.31414062642322665,0.261383725037687,18.131116512743848,-86.51854927090601,7,56.894997053507346,1.3333333333333333,0.004359366164918565,4.645234045464207,0.0,0.5689499705350735,1.716089604824376,7.401425182601792
2026-01-01,2026-01-01 06:00:00,cell_mfg_003,URLLC,6.018934049914436,6.9628143768438076,0.30736268088790175,0.23953476202920299,19.290116707326263,-86.5767644323552,5,56.23336985134571,1.0833333333333333,0.004239483888178985,4.933435269722879,0.0,0.562333698513457,1.5548769367722102,7.5123769997445295
2026-01-01,2026-01-01 07:00:00,cell_mfg_001,URLLC,5.610674720914968,7.527061024449113,0.373084906078272,0.2781441479360264,17.860318410365725,-88.11807565116375,17,61.701451974885195,0.8333333333333334,0.0054331587152048125,5.557110832013165,0.0,0.6170145197488519,2.1526157180251366,8.832030152328674
2026-01-01,2026-01-01 07:00:00,cell_mfg_002,URLLC,5.810702421245407,6.89537418318119,0.3388065996848491,0.27501740278494385,18.710424606618023,-87.74022756911864,14,58.27290569251239,0.8333333333333334,0.00577309576038012,4.710532879221231,0.0,0.5827290569251239,1.8773971316917415,8.002803178230891
2026-01-01,2026-01-01 07:00:00,cell_mfg_003,URLLC,6.443640749756885,7.423526652085273,0.33042581544183547,0.2746025014574894,19.452799594700835,-87.93932791478763,10,56.9109391820364,0.5,0.006864375115994803,4.719615560505467,0.0,0.569109391820364,1.9446252860714568,7.048301248554419
2026-01-01,2026-01-01 08:00:00,cell_mfg_001,URLLC,7.946125653118101,9.285863723293657,0.4097132571905435,0.33160636064951543,18.017862513151954,-87.42127069725426,25,64.26059757145657,1.5833333333333333,0.007252052967214438,5.77713202169004,0.0,0.6426059757145657,3.5523736542437363,6.535799928194632
2026-01-01,2026-01-01 08:00:00,cell_mfg_002,URLLC,6.346963097100776,8.064624624825097,0.3622650949298769,0.31291407763882256,19.049113598448134,-87.05556883436748,20,63.05433336244832,0.75,0.00474553213565041,4.899504232299642,0.0,0.6305433336244832,2.5481443248978746,7.988138496251641
2026-01-01,2026-01-01 08:00:00,cell_mfg_003,URLLC,5.9054071451693595,6.9402466734573105,0.3391504104777738,0.2776539960793062,18.923296520181115,-86.41978617103472,14,58.52337785145456,0.9166666666666666,0.004634621347265109,5.482614665503314,0.0,0.5852337785145455,2.039038044813386,7.779975438490413
2026-01-01,2026-01-01 09:00:00,cell_mfg_001,URLLC,12.515542587732961,14.563409887187124,0.4120987003533272,0.31796046502780523,19.078449495273805,-89.4606680282497,34,66.94599908463341,2.0,0.007435488700787119,6.525985203350898,0.0,0.6694599908463341,6.7010769787984605,4.487967475828101
2026-01-01,2026-01-01 09:00:00,cell_mfg_002,URLLC,9.698371200318922,10.970603383490792,0.3788038634052391,0.3393335549783895,17.53308492416002,-88.21952303859236,27,63.378521356335,1.75,0.004673146533561419,5.490024694929482,0.0,0.63378521356335,4.589924802609995,5.407001645555737
2026-01-01,2026-01-01 09:00:00,cell_mfg_003,URLLC,5.668591798924002,6.483788781874446,0.3781035506756003,0.29452494174784233,18.847453191457646,-87.17672954220582,19,60.91516895381949,0.8333333333333334,0.0036914490607745064,5.240302570485432,0.0,0.6091516895381949,2.1867196139410794,8.337401587926736
2026-01-01,2026-01-01 10:00:00,cell_mfg_001,URLLC,16.60892272956455,18.38964003853268,0.4378617593555935,0.36776172595212714,17.598318971065627,-87.12528521143231,42,68.42922635839481,1.0833333333333333,0.005297759257717763,6.267808645614054,0.0,0.6842922635839481,10.158237042803444,3.482214247638103
2026-01-01,2026-01-01 10:00:00,cell_mfg_002,URLLC,12.193443927542935,14.714749362447265,0.4100977188287294,0.3426265303573552,17.639621672482757,-88.01605485319853,34,64.91042738574755,0.6666666666666666,0.004134808542575607,6.219830425657453,0.0,0.6491042738574755,6.437970800873322,4.484233051082613
2026-01-01,2026-01-01 10:00:00,cell_mfg_003,URLLC,7.690331214443372,9.414204930997329,0.3742638111060053,0.30725881211316,18.719958481772313,-88.00908087793135,24,64.39522636648107,0.9166666666666666,0.00509371873253267,5.814260871565235,0.0,0.6439522636648107,3.3884173809510982,6.957710856679912
2026-01-01,2026-01-01 11:00:00,cell_mfg_001,URLLC,21.605082225065143,23.397694226027735,0.4663390142379363,0.39871129007601014,17.407634663983917,-88.95492415392924,50,73.52396548442984,1.5833333333333333,0.006986917562128666,7.192477552173138,0.0,0.7352396548442984,15.390274490332173,2.8857771105933914
2026-01-01,2026-01-01 11:00:00,cell_mfg_002,URLLC,16.917187340265713,19.47456742669574,0.43061408501064163,0.3364973749026923,17.641193482595796,-87.25447183064114,41,70.64290442470711,1.25,0.006740856857225245,6.817697234627585,0.0,0.706429044247071,10.334953051437802,3.5475011029145804
2026-01-01,2026-01-01 11:00:00,cell_mfg_003,URLLC,10.227576385074203,12.551133976551275,0.41426649700509494,0.3157146975741903,19.39756802218036,-86.8748945149974,29,65.72498156559818,1.6666666666666667,0.006210408254096714,6.052386715071267,0.0,0.657249815655982,4.962394238770077,5.33554796054151
2026-01-01,2026-01-01 12:00:00,cell_mfg_001,URLLC,25.435541474082644,27.78124944697539,0.4972977984635382,0.4045159381036533,17.501122007464502,-87.28868481758212,59,73.1802775292282,1.75,0.005469914901426373,7.7560108772008896,0.0,0.731802775292282,20.032490942750854,2.4330389420289986
2026-01-01,2026-01-01 12:00:00,cell_mfg_002,URLLC,19.986538764171687,22.579123389140605,0.4618841708734405,0.38701525326644987,18.392262688230563,-88.12686690395024,48,74.50935182369456,1.8333333333333333,0.0029130374142389837,7.210837198151296,0.0,0.7450935182369456,13.671224219307705,3.1548706382087395
2026-01-01,2026-01-01 12:00:00,cell_mfg_003,URLLC,13.369331413589556,16.183574774007322,0.43005098829624977,0.34523813190204006,17.933095041166663,-89.33846695897971,34,66.83647854935093,1.3333333333333333,0.005680235671414368,6.202834964316428,0.0,0.6683647854935093,7.371255772305463,4.304790694180296
2026-01-01,2026-01-01 13:00:00,cell_mfg_001,URLLC,29.65174826960053,31.51431287810439,0.5549042835481534,0.4363880588826241,17.956832520386733,-88.05053452698259,67,78.2493108242266,1.3333333333333333,0.00821895932552351,8.27016244319483,0.0,0.782493108242266,25.586493823311002,2.2024580615291995
2026-01-01,2026-01-01 13:00:00,cell_mfg_002,URLLC,23.085302474491936,25.188629663192515,0.4867424421965394,0.4103065934260616,17.38854504475734,-88.23867814633614,54,74.38665045201753,1.5,0.004785305733556087,7.319396625245599,0.0,0.7438665045201752,17.31876167476718,2.7236700716953073
2026-01-01,2026-01-01 13:00:00,cell_mfg_003,URLLC,14.753204356579282,17.74165963023396,0.4411961079442588,0.35916014897552034,17.7681331759279,-87.4823110337749,38,67.672562068525,2.1666666666666665,0.005959283020624939,6.646220464339321,0.0,0.67672562068525,8.426901060529062,3.8771014011280047
