timestamp,date,cell_id,slice_type,prb_utilization_dl,prb_utilization_ul,sinr_db,rsrp_dbm,latency_ms,throughput_mbps,ue_count,qos_class_id,edge_inference_load,band,arfcn,pci,handover_count,drop_rate,ta,jitter_ms,cell_state,fleet_size,zone
2026-01-01 06:00:00,2026-01-01,cell_mfg_001,URLLC,0.2513585924538465,0.21311281972550727,18.994544645067656,-87.80048518468718,5.064014304383554,61.70225886556485,8,7,0.2916179269938608,78,632000,17,0,0.00800180478322583,15,5.541165739339711,healthy,20,assembly
2026-01-01 06:05:00,2026-01-01,cell_mfg_001,URLLC,0.29502830148467046,0.27995003136329993,17.2557878386736,-85.41109939738546,6.0594276278050945,59.81003736900818,8,7,0.30344479838572375,78,632000,17,2,0.009508964827872132,23,4.68159225645242,healthy,20,assembly
2026-01-01 06:10:00,2026-01-01,cell_mfg_001,URLLC,0.3459093044638395,0.2824328401203153,22.21663616139274,-87.98083003276923,5.6830798045605935,59.40177625745631,8,7,0.2732918044459223,78,632000,17,0,0.0071292367422133955,15,5.194132306993481,healthy,20,assembly
2026-01-01 06:15:00,2026-01-01,cell_mfg_001,URLLC,0.355423711512988,0.29493016684813766,19.65904682928831,-88.49901941457739,5.897447288110612,54.64207513723504,8,7,0.3122243073180223,78,632000,17,1,0.0016393740921498878,19,5.657631744061505,healthy,20,assembly
2026-01-01 06:20:00,2026-01-01,cell_mfg_001,URLLC,0.3546515290335416,0.20691376720577334,18.278526053828315,-88.1087453085856,6.611022206764705,59.09647759475993,8,7,0.2895898887193671,78,632000,17,1,0.005270316277955566,24,3.958291328192284,healthy,20,assembly
2026-01-01 06:25:00,2026-01-01,cell_mfg_001,URLLC,0.3528488932543711,0.2936490631917142,20.05935557631988,-87.86545014449688,4.485417205545776,58.59101226042002,8,7,0.30820695886478705,78,632000,17,0,0.0036604598800569006,21,4.677067860795269,healthy,20,assembly
2026-01-01 06:30:00,2026-01-01,cell_mfg_001,URLLC,0.3350970294428226,0.29281941416271073,18.106395765861546,-86.85092061784658,4.980041507396868,59.92864297621505,8,7,0.252107841916552,78,632000,17,1,0.0013221908559935547,20,3.9169137045393256,healthy,20,assembly
2026-01-01 06:35:00,2026-01-01,cell_mfg_001,URLLC,0.310623906391891,0.2656997647491075,19.559194654249453,-86.27493764794012,5.656435895401504,59.887889923142325,8,7,0.27492365383587325,78,632000,17,0,0.00021664141764384144,18,4.2685734421755015,healthy,20,assembly
2026-01-01 06:40:00,2026-01-01,cell_mfg_001,URLLC,0.2895101268959407,0.2811909690689375,17.3412335114239,-87.92432510807879,4.481399009437773,52.64920155058239,8,7,0.28200704472734006,78,632000,17,3,0.0,17,3.837022418944517,healthy,20,assembly
2026-01-01 06:45:00,2026-01-01,cell_mfg_001,URLLC,0.3389094240932911,0.2414340017721282,16.476307432978473,-87.02374098457227,6.756277323711656,59.67769457418343,8,7,0.27552417310248595,78,632000,17,1,0.0,18,6.09474604080374,healthy,20,assembly
2026-01-01 06:50:00,2026-01-01,cell_mfg_001,URLLC,0.38376750300961743,0.29860444983658313,19.360993694639212,-84.24139421756088,5.078852256640322,58.819986735887056,8,7,0.27801610931317444,78,632000,17,1,0.005717102539825264,14,4.317267833038855,healthy,20,assembly
2026-01-01 06:55:00,2026-01-01,cell_mfg_001,URLLC,0.2887768367516983,0.2777405538980078,20.13100250863101,-83.17453821661644,6.571635852132964,52.056774821989364,8,7,0.24958284631109232,78,632000,17,1,0.004111109211604906,14,2.5786554252083755,healthy,20,assembly
2026-01-01 06:00:00,2026-01-01,cell_mfg_002,URLLC,0.3181683645433446,0.30303920923150574,19.081277707912548,-87.45326967407738,5.268353014220707,54.93161280376077,7,7,0.2746927865585959,78,632000,34,1,0.0033385709592812585,16,4.5997524236150875,healthy,20,paint
2026-01-01 06:05:00,2026-01-01,cell_mfg_002,URLLC,0.276402249343319,0.22179532951070507,17.669638296742793,-82.87906053512967,6.117247069325598,55.38281760584339,7,7,0.3121982478394971,78,632000,34,2,0.00893095804409223,22,5.21964535653226,healthy,20,paint
2026-01-01 06:10:00,2026-01-01,cell_mfg_002,URLLC,0.30560066078636877,0.21137576944931002,16.78529988108861,-86.79082416455576,5.963313726478109,59.16428880592832,7,7,0.2640840525585478,78,632000,34,3,0.0023808492182824386,23,4.781948566578758,healthy,20,paint
2026-01-01 06:15:00,2026-01-01,cell_mfg_002,URLLC,0.3311293774888762,0.21142123873117996,16.640945281206935,-83.8341441355375,6.9956598390539,63.523023967983974,7,7,0.2577268192291566,78,632000,34,1,0.006715025753846454,16,5.861660778392921,healthy,20,paint
2026-01-01 06:20:00,2026-01-01,cell_mfg_002,URLLC,0.3235951253311971,0.25386228405901945,19.370119278078292,-84.32103627737256,5.1947456829397565,55.801579508561645,7,7,0.2403238579489128,78,632000,34,0,0.007573307178756178,20,2.596788256765557,healthy,20,paint
2026-01-01 06:25:00,2026-01-01,cell_mfg_002,URLLC,0.3104350623719675,0.2970361016942405,16.707771651616696,-87.07473701481116,5.241092756736416,53.867390532285,7,7,0.26678203995174704,78,632000,34,0,0.00012474775830548755,20,4.164939749710261,healthy,20,paint
2026-01-01 06:30:00,2026-01-01,cell_mfg_002,URLLC,0.317619772830004,0.23256229553317184,18.4718258929912,-86.65100641745755,6.902482042774143,62.729592429770975,7,7,0.259808172640951,78,632000,34,1,0.007152461748015704,18,4.764254532970721,healthy,20,paint
2026-01-01 06:35:00,2026-01-01,cell_mfg_002,URLLC,0.26526231992651983,0.2367717194414605,19.334968005744543,-84.72429275822353,7.689160150153503,56.230466553803296,7,7,0.330936850938348,78,632000,34,2,0.0015870265977647197,17,4.029448134956481,healthy,20,paint
2026-01-01 06:40:00,2026-01-01,cell_mfg_002,URLLC,0.26511819018436034,0.3455698844811319,16.770123869961548,-89.32957115690928,5.210825299649171,50.34908643457348,7,7,0.25476401431584816,78,632000,34,1,0.004622949782989772,13,4.197160024785862,healthy,20,paint
2026-01-01 06:45:00,2026-01-01,cell_mfg_002,URLLC,0.35489350304246975,0.27779064297866474,18.22815028603184,-87.40364592903208,7.555827879965033,56.39888861623157,7,7,0.27653888877351274,78,632000,34,0,0.0010525716862870502,17,4.419484591633016,healthy,20,paint
2026-01-01 06:50:00,2026-01-01,cell_mfg_002,URLLC,0.3300171731067386,0.2744702563359681,18.915048556124585,-87.13583121381717,5.500205503062886,61.430863271279314,7,7,0.27380424724065644,78,632000,34,1,0.006886154090180556,18,6.526676961481474,healthy,20,paint
2026-01-01 06:55:00,2026-01-01,cell_mfg_002,URLLC,0.3714457181235546,0.2709099690058855,19.598229445426576,-90.62517197394838,6.347261897300851,52.93035411206633,7,7,0.30733387256188105,78,632000,34,4,0.0019477711612209299,18,4.581049168148087,healthy,20,paint
2026-01-01 06:00:00,2026-01-01,cell_mfg_003,URLLC,0.21413366236274806,0.24492598941961263,19.162419874195916,-86.50401202062581,5.773220359613803,62.565967891972626,5,7,0.24541279329835097,78,632000,51,0,0.005610250048409874,11,4.767672695132805,healthy,20,warehouse
2026-01-01 06:05:00,2026-01-01,cell_mfg_003,URLLC,0.31434702616684607,0.21228405957184204,18.344870124230596,-84.49591081060208,4.619524735575476,55.365899107508426,5,7,0.2911837553541046,78,632000,51,1,0.008455312054792753,22,5.142280543161246,healthy,20,warehouse
2026-01-01 06:10:00,2026-01-01,cell_mfg_003,URLLC,0.31946183263436817,0.22650304706798893,20.463334295351764,-89.45260724622973,6.395093842864469,55.49371618586117,5,7,0.2915983631541948,78,632000,51,2,0.008311952707188236,22,5.4253722687833035,healthy,20,warehouse
2026-01-01 06:15:00,2026-01-01,cell_mfg_003,URLLC,0.2699197122962073,0.23366880630534903,21.297965493242753,-85.82093237820462,6.6576972220247805,56.4121873084072,5,7,0.29351615394117003,78,632000,51,2,0.0,13,4.1570706739900976,healthy,20,warehouse
2026-01-01 06:20:00,2026-01-01,cell_mfg_003,URLLC,0.3289746691612104,0.25728134292930316,19.54222445659631,-83.86358063669759,7.039780832496026,47.5148419656076,5,7,0.2558002367887811,78,632000,51,2,0.007435045888897759,11,5.863155563980845,healthy,20,warehouse
2026-01-01 06:25:00,2026-01-01,cell_mfg_003,URLLC,0.3595388622395615,0.26371512080548676,19.255041428317913,-86.55531352143655,6.761925587259063,59.93505475986484,5,7,0.25720891531751644,78,632000,51,0,0.002716225353912822,17,4.405983212697976,healthy,20,warehouse
2026-01-01 06:30:00,2026-01-01,cell_mfg_003,URLLC,0.3760582219063589,0.22465647084749746,17.564399972335487,-86.69138761633762,6.8998418222192655,56.179963878721686,5,7,0.2575848466088374,78,632000,51,0,0.0007658556720863624,18,5.741573611046315,healthy,20,warehouse
2026-01-01 06:35:00,2026-01-01,cell_mfg_003,URLLC,0.3085935324453582,0.17425910831733946,21.446806978427425,-88.01139886191365,6.757638060201056,65.99061240138434,5,7,0.26941984956416315,78,632000,51,0,0.007216466005296374,23,3.174485510431946,healthy,20,warehouse
2026-01-01 06:40:00,2026-01-01,cell_mfg_003,URLLC,0.3377675137125108,0.26545096717314215,16.619574585772213,-91.71620687326529,4.5588498565930315,58.43854642406797,5,7,0.2167088196473465,78,632000,51,1,0.0018234548398983045,20,4.9320111814832215,healthy,20,warehouse
2026-01-01 06:45:00,2026-01-01,cell_mfg_003,URLLC,0.28861306948520465,0.24721554344674168,19.19484175465113,-85.45494304916517,6.684119776838268,58.800258822405866,5,7,0.251456035801467,78,632000,51,2,0.0059168454964602735,17,5.255303352630468,healthy,20,warehouse
2026-01-01 06:50:00,2026-01-01,cell_mfg_003,URLLC,0.2896694223937929,0.2843773559891096,18.424185493787878,-86.7004198361163,4.833174904732715,47.34553552060678,5,7,0.1981734907236461,78,632000,51,2,0.0,15,5.4072682449543334,healthy,20,warehouse
2026-01-01 06:55:00,2026-01-01,cell_mfg_003,URLLC,0.28127464585065387,0.24007933247702284,20.16573603100576,-83.65446033766804,5.246341598555285,50.75785394973993,5,7,0.2503031664608527,78,632000,51,1,0.002622398591205059,14,4.929046378381998,healthy,20,warehouse
2026-01-01 07:00:00,2026-01-01,cell_mfg_001,URLLC,0.3374439904650578,0.2476099035484124,17.53314675729991,-86.48021911861017,4.3521847567372225,58.459997148765076,17,7,0.36472283373280684,78,632000,17,1,0.008713187966273937,20,6.376932492372191,healthy,40,assembly
2026-01-01 07:05:00,2026-01-01,cell_mfg_001,URLLC,0.4033836977830951,0.3057350845272988,18.370179951674647,-86.6384482119074,4.670827964838841,59.55404731161099,17,7,0.3594303462283905,78,632000,17,1,0.009268889666287933,19,5.300753611355711,healthy,40,assembly
2026-01-01 07:10:00,2026-01-01,cell_mfg_001,URLLC,0.37135632845830213,0.2570652477620238,16.036692010705647,-91.48196687198258,5.238905070509388,60.77654860818458,17,7,0.39490600393665964,78,632000,17,0,0.00633228149047302,17,5.105563595636072,healthy,40,assembly
2026-01-01 07:15:00,2026-01-01,cell_mfg_001,URLLC,0.342516870545987,0.27902544647839617,18.87652103906461,-86.09765776604921,7.8169329859534615,62.27083380980383,17,7,0.4164307790607379,78,632000,17,2,0.001151635534633491,19,7.836491028300676,healthy,40,assembly
2026-01-01 07:20:00,2026-01-01,cell_mfg_001,URLLC,0.35652867222429235,0.2835836967534318,17.332828165239327,-86.4753972820849,7.289893055945555,63.20310838131919,17,7,0.3735769935656319,78,632000,17,2,0.005366080712692833,21,6.218220265395111,healthy,40,assembly
2026-01-01 07:25:00,2026-01-01,cell_mfg_001,URLLC,0.396221885018606,0.21714375663139504,18.043028211010164,-91.317623990248,5.742376139799878,59.64530777781435,17,7,0.37716328518093073,78,632000,17,1,0.006815862317234784,22,4.615447501129274,healthy,40,assembly
2026-01-01 07:30:00,2026-01-01,cell_mfg_001,URLLC,0.37619537085854593,0.2680171085580204,19.324128335200488,-90.45791670598888,3.3319240459425137,70.56166004898961,17,7,0.33043741359897755,78,632000,17,0,0.0028260179682694617,19,4.905133894954921,healthy,40,assembly
2026-01-01 07:35:00,2026-01-01,cell_mfg_001,URLLC,0.39471261633642196,0.3555574779049596,17.027760768557737,-89.11139131142912,6.310180703612447,58.12651087107697,17,7,0.387770153042252,78,632000,17,1,0.007673304072431988,24,4.928338777550547,healthy,40,assembly
2026-01-01 07:40:00,2026-01-01,cell_mfg_001,URLLC,0.34432918090223313,0.25275511616300167,17.86229726715463,-86.43133209871372,6.337144205463293,67.13887208667963,17,7,0.40437613940676775,78,632000,17,0,0.006032915293290781,21,4.9413626505846375,healthy,40,assembly
2026-01-01 07:45:00,2026-01-01,cell_mfg_001,URLLC,0.3257508213454419,0.3003066360443577,18.29323739928039,-87.84275513789603,3.8451657255895757,54.134127395063594,17,7,0.39669531651833906,78,632000,17,1,0.0018537368995833253,14,6.01633657591918,healthy,40,assembly
2026-01-01 07:50:00,2026-01-01,cell_mfg_001,URLLC,0.4402029321092427,0.2869162331578996,18.088666850664676,-88.84305516071475,6.346534143890491,62.06567200323464,17,7,0.3845666492596371,78,632000,17,1,0.007226133771005052,15,5.243787552070958,healthy,40,assembly
2026-01-01 07:55:00,2026-01-01,cell_mfg_001,URLLC,0.3883765068920379,0.2840140677031193,17.53533416853646,-86.2391441583404,6.0460278526969455,64.48073825607986,17,7,0.37635737821244286,78,632000,17,0,0.001937858890281148,13,5.196962038888693,healthy,40,assembly
2026-01-01 07:00:00,2026-01-01,cell_mfg_002,URLLC,0.40104744400048686,0.3307179994023773,18.255972265115258,-86.54509132432186,5.190274692161021,53.94071005896884,14,7,0.34255089530185956,78,632000,34,4,0.005759373571349772,26,3.996352124324786,healthy,40,paint
2026-01-01 07:05:00,2026-01-01,cell_mfg_002,URLLC,0.3575614448922777,0.35365195403252436,16.01718536291317,-89.83413841369168,6.211903531478938,54.870502749840384,14,7,0.3150634148978702,78,632000,34,1,0.011444464593998484,22,5.1078742372259756,healthy,40,paint
2026-01-01 07:10:00,2026-01-01,cell_mfg_002,URLLC,0.3224964985425232,0.25533538867591055,19.52581057728725,-85.74614703532613,6.46386936261073,64.85778886776495,14,7,0.2916259485089468,78,632000,34,0,0.002689844450577398,12,5.233986686989106,healthy,40,paint
2026-01-01 07:15:00,2026-01-01,cell_mfg_002,URLLC,0.31533604382770514,0.22949461398957913,19.80211221837184,-86.7887109566465,6.2117485004294375,61.545288590172255,14,7,0.31014229870814003,78,632000,34,0,0.0,24,4.464266612836072,healthy,40,paint
2026-01-01 07:20:00,2026-01-01,cell_mfg_002,URLLC,0.32626190611341105,0.2643344671113516,20.840228223685347,-89.35317210502487,6.242022102910741,61.64454517359972,14,7,0.33680269184927336,78,632000,34,1,0.0025213362634855458,29,4.6560738121912415,healthy,40,paint
2026-01-01 07:25:00,2026-01-01,cell_mfg_002,URLLC,0.3030644783231261,0.3039824456990591,19.499211800457736,-90.26081123963861,5.720564421423651,59.00030463591097,14,7,0.2875790489844954,78,632000,34,2,0.003855108200637323,17,4.597671400940203,healthy,40,paint
2026-01-01 07:30:00,2026-01-01,cell_mfg_002,URLLC,0.4215130005182418,0.2738330906478017,21.328620177791233,-89.47948139556402,4.442395555043504,58.19814420214876,14,7,0.35138141917421406,78,632000,34,0,0.005657562811909209,20,4.32614599196698,healthy,40,paint
2026-01-01 07:35:00,2026-01-01,cell_mfg_002,URLLC,0.34689748694090217,0.24470307620829948,18.112254498137787,-87.43517553937025,7.09126695314844,52.992149403320944,14,7,0.34043490286592354,78,632000,34,0,0.003704833182853597,12,5.476469569168514,healthy,40,paint
2026-01-01 07:40:00,2026-01-01,cell_mfg_002,URLLC,0.31904500703854066,0.22812679155767035,19.99729263410294,-86.57329875487915,3.6917300923614897,60.849479021096954,14,7,0.32293203259575803,78,632000,34,1,0.00813937614643254,20,5.286525022710362,healthy,40,paint
2026-01-01 07:45:00,2026-01-01,cell_mfg_002,URLLC,0.32674708325450863,0.2633837010822415,17.89343492654083,-85.69039655764203,6.735098280480712,64.76690003426077,14,7,0.3318268017472859,78,632000,34,0,0.007500340804992615,16,4.608664455469933,healthy,40,paint
2026-01-01 07:50:00,2026-01-01,cell_mfg_002,URLLC,0.3145317981233242,0.24950334664154217,14.947430380182169,-89.19927688873761,5.778814649988389,50.75289083752381,14,7,0.343851930596745,78,632000,34,1,0.00880821461255956,23,4.842556997508838,healthy,40,paint
2026-01-01 07:55:00,2026-01-01,cell_mfg_002,URLLC,0.3111770046431421,0.3031419583709689,18.30554221483072,-85.97703061858105,5.948740912907824,55.856164735540375,14,7,0.3102296569932212,78,632000,34,0,0.009196694485765398,21,3.9298076393227506,healthy,40,paint
2026-01-01 07:00:00,2026-01-01,cell_mfg_003,URLLC,0.3610299614109865,0.25476190471128085,17.124351549364274,-87.38435787384665,5.810378987073159,52.10608820852524,10,7,0.2956978837302934,78,632000,51,0,0.00013643630358347713,9,3.427212481468766,healthy,40,warehouse
2026-01-01 07:05:00,2026-01-01,cell_mfg_003,URLLC,0.2879935632349508,0.22401856498917894,19.47650194675634,-87.0754513381291,7.315060980048296,61.429268961844905,10,7,0.27292783895261835,78,632000,51,0,0.006130347931677186,17,4.887896387524874,healthy,40,warehouse
2026-01-01 07:10:00,2026-01-01,cell_mfg_003,URLLC,0.24370925778636576,0.3088698159060603,20.660360149219102,-89.23324603902667,6.699990650176433,51.88051202243292,10,7,0.29995297712262775,78,632000,51,1,0.008228033127777883,22,6.41755293292665,healthy,40,warehouse
2026-01-01 07:15:00,2026-01-01,cell_mfg_003,URLLC,0.32162941184458976,0.22819728377084733,22.03800904138126,-83.62166319585573,5.665454973072874,58.40580516668262,10,7,0.30890743930253634,78,632000,51,0,0.0014274775136605493,14,5.622962027682769,healthy,40,warehouse
2026-01-01 07:20:00,2026-01-01,cell_mfg_003,URLLC,0.36320056945217344,0.2942762513348884,19.30526625280337,-90.75922225942836,6.398291061783648,60.90148457144511,10,7,0.3119906602374476,78,632000,51,0,0.009998661068175109,16,3.720087099548667,healthy,40,warehouse
2026-01-01 07:25:00,2026-01-01,cell_mfg_003,URLLC,0.3876250048381063,0.269282127224073,19.08447564303645,-89.37894274092396,7.556095806797133,59.380853667423494,10,7,0.33804541548252065,78,632000,51,0,0.010436882401182448,18,3.855885587744106,healthy,40,warehouse
2026-01-01 07:30:00,2026-01-01,cell_mfg_003,URLLC,0.33405781756365865,0.2787514923920433,18.83073980496672,-87.5978279695911,5.928243392528873,61.936853314053636,10,7,0.2947200722045851,78,632000,51,1,0.01219024466657856,15,3.6430364481966793,healthy,40,warehouse
2026-01-01 07:35:00,2026-01-01,cell_mfg_003,URLLC,0.37342805543599694,0.31116894955585284,20.401338948616385,-87.11417358619707,6.352138193939911,57.86926145001949,10,7,0.30878054536368843,78,632000,51,1,0.0,19,5.194035303110777,healthy,40,warehouse
2026-01-01 07:40:00,2026-01-01,cell_mfg_003,URLLC,0.3208357361195641,0.27748924779242096,18.436666807376955,-88.34778821615531,6.989981685307876,53.38317648455652,10,7,0.3281832777901267,78,632000,51,1,0.004471085373875311,16,5.2494072176138555,healthy,40,warehouse
2026-01-01 07:45:00,2026-01-01,cell_mfg_003,URLLC,0.3143503550453835,0.32631107759665845,16.900672779625143,-91.42530889794105,6.219693950080517,53.8022839956337,10,7,0.2859501854967699,78,632000,51,2,0.006092816091408491,18,5.808471959016272,healthy,40,warehouse
2026-01-01 07:50:00,2026-01-01,cell_mfg_003,URLLC,0.3184077395284042,0.23868432331085515,17.329046326275957,-87.84452401004607,6.356340486987741,53.84887694043314,10,7,0.2291791391724266,78,632000,51,0,0.011245752807214293,25,4.0727295324984265,healthy,40,warehouse
2026-01-01 07:55:00,2026-01-01,cell_mfg_003,URLLC,0.33884231304184576,0.2834189789057134,23.846165886988057,-85.48942885031042,6.032018829286162,57.986805401386036,10,7,0.34362650535161177,78,632000,51,0,0.012014764106804323,22,4.736109748733764,healthy,40,warehouse
2026-01-01 08:00:00,2026-01-01,cell_mfg_001,URLLC,0.3887594088746117,0.32906332506421737,19.04994543589784,-91.37793386541084,8.805553495276387,64.93430365804723,25,7,0.43975624542746977,78,632000,17,1,0.0051243423510846115,13,5.585967353092005,healthy,60,assembly
2026-01-01 08:05:00,2026-01-01,cell_mfg_001,URLLC,0.3719222500490976,0.29220503460268,18.295460367457057,-86.94627143070552,8.080820706028016,58.45129933451637,25,7,0.4540995250828614,78,632000,17,2,0.008324127430671898,11,3.96186485413984,healthy,60,assembly
2026-01-01 08:10:00,2026-01-01,cell_mfg_001,URLLC,0.39722239358040723,0.353505984393932,16.592232158531907,-89.8479431858016,8.385730297830644,63.70807017387913,25,7,0.45169201767676725,78,632000,17,0,0.004586319545701466,20,6.830604746842405,healthy,60,assembly
2026-01-01 08:15:00,2026-01-01,cell_mfg_001,URLLC,0.3658908445001914,0.2992644549098109,18.431729796769467,-88.1274926616449,5.809295842456921,60.487853108815955,25,7,0.44121651404401224,78,632000,17,3,0.0,13,5.998021619052075,healthy,60,assembly
2026-01-01 08:20:00,2026-01-01,cell_mfg_001,URLLC,0.47061192682096314,0.30658274203087604,16.326773688047638,-87.36416083801035,8.595493238731482,61.33117021882113,25,7,0.45456382959315667,78,632000,17,1,0.01135310442859705,21,6.227406857344052,healthy,60,assembly
2026-01-01 08:25:00,2026-01-01,cell_mfg_001,URLLC,0.4093765362850289,0.37013714848342794,15.360722515241509,-88.13981309725693,8.710955005223937,69.56520702625316,25,7,0.43644580749364353,78,632000,17,4,0.009630031032084537,18,5.9910879304330535,healthy,60,assembly
2026-01-01 08:30:00,2026-01-01,cell_mfg_001,URLLC,0.4348123014218871,0.3814957599041332,18.86539213105467,-86.3249062279288,8.377805296755858,65.61329626389264,25,7,0.44619326675189414,78,632000,17,0,0.005024066721744286,19,6.523420118906595,healthy,60,assembly
2026-01-01 08:35:00,2026-01-01,cell_mfg_001,URLLC,0.43621225033037286,0.32717436627828445,17.800882695086347,-86.83231748613396,9.872909557536987,65.78306683597528,25,7,0.47364921596042886,78,632000,17,3,0.00854557583827181,21,6.271671699302688,healthy,60,assembly
2026-01-01 08:40:00,2026-01-01,cell_mfg_001,URLLC,0.4779168124961194,0.31552320587294613,19.022857883010026,-84.27025120300279,6.506072187134041,61.88387947370929,25,7,0.42293928049650176,78,632000,17,2,0.010482163954456527,19,4.309368195997601,healthy,60,assembly
2026-01-01 08:45:00,2026-01-01,cell_mfg_001,URLLC,0.3768881700340972,0.31135272277509696,18.726995229449866,-86.27037160062045,7.612237026226279,63.95844749674102,25,7,0.44560419821647945,78,632000,17,0,0.008697431028749737,15,6.667836483161153,healthy,60,assembly
2026-01-01 08:50:00,2026-01-01,cell_mfg_001,URLLC,0.3269713897097317,0.3247792686185442,19.5469329478854,-86.75522709658748,6.8094210264069,65.67347922413074,25,7,0.44169157819488175,78,632000,17,0,0.0067752508375324184,13,5.948085608665867,healthy,60,assembly
2026-01-01 08:55:00,2026-01-01,cell_mfg_001,URLLC,0.4599748021840143,0.3681923148602362,18.194425309391708,-86.79855967394732,7.7872141578097605,69.73709804269691,25,7,0.44443450601323886,78,632000,17,3,0.008482222437678906,19,5.0102487933431386,healthy,60,assembly
2026-01-01 08:00:00,2026-01-01,cell_mfg_002,URLLC,0.3982031696880876,0.2862063414840956,19.69999706180769,-86.65031479308321,6.570519339960368,63.50083990747335,20,7,0.39363817335410356,78,632000,34,0,0.005011973164799823,24,4.911158770743397,healthy,60,paint
2026-01-01 08:05:00,2026-01-01,cell_mfg_002,URLLC,0.3604459797781505,0.2877267212943763,19.481523144771966,-86.7282492776146,5.059460661372328,62.348693274630136,20,7,0.3626226164203704,78,632000,34,1,0.0009158193572867124,21,3.278577690922524,healthy,60,paint
2026-01-01 08:10:00,2026-01-01,cell_mfg_002,URLLC,0.4132212909915872,0.34870537570884486,18.814440077203788,-88.40872215479381,4.037810941959473,62.12146811110262,20,7,0.3948890436933885,78,632000,34,0,0.005144239707191182,17,5.368080875861317,healthy,60,paint
2026-01-01 08:15:00,2026-01-01,cell_mfg_002,URLLC,0.3332083273147671,0.34015576512869605,19.607706152594407,-87.20414822525468,6.93067618481048,64.8496054747692,20,7,0.42865340792401924,78,632000,34,0,0.008222714556970004,15,5.088024128331396,healthy,60,paint
2026-01-01 08:20:00,2026-01-01,cell_mfg_002,URLLC,0.36323725662244605,0.3055859101829604,22.402208232094267,-90.16263131104074,6.018180428453693,57.17297788448643,20,7,0.41756486158229905,78,632000,34,0,0.0067500489944794795,19,5.875443895708161,healthy,60,paint
2026-01-01 08:25:00,2026-01-01,cell_mfg_002,URLLC,0.3531411542310111,0.3464893828871699,17.45901260765916,-87.52850369280257,6.748189028110964,67.95620072582983,20,7,0.4069586978347051,78,632000,34,0,0.004385259582551929,21,6.742365548242111,healthy,60,paint
2026-01-01 08:30:00,2026-01-01,cell_mfg_002,URLLC,0.3076882296111389,0.26468488053124695,18.852857673774615,-84.7699736045172,5.926107646390415,61.22282938579077,20,7,0.4020660955044787,78,632000,34,3,0.0005415321477282931,18,5.80173157958041,healthy,60,paint
2026-01-01 08:35:00,2026-01-01,cell_mfg_002,URLLC,0.3096549918991167,0.3273297953312491,18.047279855862858,-88.60017779931233,6.376751757650948,56.5475613608046,20,7,0.40554791209199903,78,632000,34,1,0.003366667348693323,19,4.842838029575123,healthy,60,paint
2026-01-01 08:40:00,2026-01-01,cell_mfg_002,URLLC,0.42107839987255247,0.34640397265618056,19.472558683380196,-86.21130590585024,9.154133147244655,66.03465404537636,20,7,0.43465732389122375,78,632000,34,1,0.006978226621291413,22,4.387711369333443,healthy,60,paint
2026-01-01 08:45:00,2026-01-01,cell_mfg_002,URLLC,0.3605330246525083,0.2551100463489293,18.10530048468745,-87.20393740551886,7.173208561027279,68.08959315874345,20,7,0.38413501362187363,78,632000,34,1,0.008360880650776791,17,5.621641106353874,healthy,60,paint
2026-01-01 08:50:00,2026-01-01,cell_mfg_002,URLLC,0.3619668255130059,0.29383297013939114,18.057751793060646,-83.86531751546464,6.405285550239432,59.14074664686193,20,7,0.37928432126413486,78,632000,34,0,0.005012434200742547,18,3.3880000657356817,healthy,60,paint
2026-01-01 08:55:00,2026-01-01,cell_mfg_002,URLLC,0.36480248898415124,0.3527377699727301,18.588727414480587,-87.33354432715684,5.763233917989282,67.66683037351119,20,7,0.3816448162005131,78,632000,34,2,0.002256589295293429,9,3.4884777272082674,healthy,60,paint
2026-01-01 08:00:00,2026-01-01,cell_mfg_003,URLLC,0.33503016348477715,0.3239617477296705,20.28831264504437,-86.91988433745686,6.013075093743812,61.9323487921099,14,7,0.3304207292235971,78,632000,51,1,0.0077604176990560495,16,5.610559530441587,healthy,60,warehouse
2026-01-01 08:05:00,2026-01-01,cell_mfg_003,URLLC,0.2936926331936172,0.2357171829450252,18.05878296388991,-87.79721633953206,6.001205862079038,50.23651148583966,14,7,0.3467653280644669,78,632000,51,2,0.010891814288758298,28,6.702159721359234,healthy,60,warehouse
2026-01-01 08:10:00,2026-01-01,cell_mfg_003,URLLC,0.345724792543659,0.24328592067023896,18.504239149340783,-90.48841169808695,5.672775038723881,52.40747834709893,14,7,0.3337062645578837,78,632000,51,1,0.0004031840112468238,20,5.377962350215116,healthy,60,warehouse
2026-01-01 08:15:00,2026-01-01,cell_mfg_003,URLLC,0.34997445293527224,0.22814450003688208,18.1340836726701,-86.55727251587246,6.7692171571220054,62.571431658429226,14,7,0.31098777539607403,78,632000,51,0,0.0017991532135925989,18,6.244527653917392,healthy,60,warehouse
2026-01-01 08:20:00,2026-01-01,cell_mfg_003,URLLC,0.4288193840313211,0.2340800047671001,17.15754702214856,-84.3181624265323,5.769011295240222,67.77517394075275,14,7,0.36918776927466396,78,632000,51,0,0.008000487248547778,13,4.777551898018841,healthy,60,warehouse
2026-01-01 08:25:00,2026-01-01,cell_mfg_003,URLLC,0.32190651742349163,0.2480196148536423,22.290612603641698,-86.69297785762889,5.907842964050014,57.343150153101966,14,7,0.3545056677368646,78,632000,51,1,0.0023977455183776314,18,4.484835423187867,healthy,60,warehouse
2026-01-01 08:30:00,2026-01-01,cell_mfg_003,URLLC,0.3025856410280759,0.33619822717526526,18.568902131673035,-84.70687247535764,4.75979165083692,51.04086488819357,14,7,0.2777072916270199,78,632000,51,2,0.0,20,5.322086560429031,healthy,60,warehouse
2026-01-01 08:35:00,2026-01-01,cell_mfg_003,URLLC,0.3054892627091602,0.23583486672406911,18.77840886707434,-86.63398026242136,6.50358633355455,57.84178951547967,14,7,0.3295838176941577,78,632000,51,1,0.007264751034299332,21,5.533874549363717,healthy,60,warehouse
2026-01-01 08:40:00,2026-01-01,cell_mfg_003,URLLC,0.3291609398177714,0.32499491249817714,18.748778601681742,-88.11229875691393,7.149282748978239,66.77434483815209,14,7,0.3827970030030622,78,632000,51,1,0.0009948342689738232,12,6.167351330276868,healthy,60,warehouse
2026-01-01 08:45:00,2026-01-01,cell_mfg_003,URLLC,0.3252606107945284,0.31417978815461484,18.57833878105054,-83.80870391613797,5.282780109632979,57.1384339119681,14,7,0.38191981642848116,78,632000,51,0,0.006207882970077084,22,5.379190970232891,healthy,60,warehouse
2026-01-01 08:50:00,2026-01-01,cell_mfg_003,URLLC,0.3169577154061685,0.3096832613832701,19.680398408925385,-86.10089061018887,5.597558108403048,59.57800448280426,14,7,0.3638944502436058,78,632000,51,0,0.004801764649793669,24,4.845916480597413,healthy,60,warehouse
2026-01-01 08:55:00,2026-01-01,cell_mfg_003,URLLC,0.41520281236544204,0.2977479260137185,18.291153395032925,-84.90076285628724,5.438759379667609,57.64100220352454,14,7,0.3533263079608544,78,632000,51,2,0.005093421264458222,19,5.345359517999811,healthy,60,warehouse
2026-01-01 09:00:00,2026-01-01,cell_mfg_001,URLLC,0.42438826180571243,0.3232378435958025,17.52868343700897,-91.93039577840003,11.121094531086484,70.05679847918346,34,7,0.5028400974170363,78,632000,17,4,0.013014037641605369,16,6.065174048641928,healthy,80,assembly
2026-01-01 09:05:00,2026-01-01,cell_mfg_001,URLLC,0.3183716596006183,0.3009432549599044,20.132643094564315,-93.22798856145714,10.747340700785765,65.75558964785236,34,7,0.4838899461252882,78,632000,17,1,0.008015420279734729,23,5.295737119822614,healthy,80,assembly
2026-01-01 09:10:00,2026-01-01,cell_mfg_001,URLLC,0.4326417747849044,0.2813977808349025,20.06466170126999,-89.19301769614273,13.8138569031717,65.94823222529853,34,7,0.5460988505183904,78,632000,17,1,0.01234490335892008,13,6.482486129146386,healthy,80,assembly
2026-01-01 09:15:00,2026-01-01,cell_mfg_001,URLLC,0.4472811561191796,0.2656804493613637,16.440374377891658,-85.91891279183696,14.272973282303825,66.26476282268136,34,7,0.5601866568231253,78,632000,17,3,0.0,22,8.800790915435245,healthy,80,assembly
2026-01-01 09:20:00,2026-01-01,cell_mfg_001,URLLC,0.3965313843221516,0.29950411921780606,21.855751075344124,-87.01831305922396,11.814649815130242,68.51596411755558,34,7,0.5306548860477378,78,632000,17,1,0.006711185592988531,19,5.956336014600379,healthy,80,assembly
2026-01-01 09:25:00,2026-01-01,cell_mfg_001,URLLC,0.4362471064878924,0.3257515158486614,17.348631551314813,-88.49267994669022,12.3401470484846,74.41181923092701,34,7,0.5500568217978624,78,632000,17,1,0.006410508815668689,23,4.74045273789909,healthy,80,assembly
2026-01-01 09:30:00,2026-01-01,cell_mfg_001,URLLC,0.47074524267397744,0.39062539840687494,19.695344841200118,-90.70150955158708,13.535782190386865,62.25204835919655,34,7,0.5575500012603034,78,632000,17,3,0.006507791142781489,21,6.845767754002656,healthy,80,assembly
2026-01-01 09:35:00,2026-01-01,cell_mfg_001,URLLC,0.3029178018486902,0.3281024578064927,17.896558355929677,-91.17619714545394,13.283684983848715,71.66413563964272,34,7,0.5404315341737215,78,632000,17,1,0.010894445569012381,15,6.545350049863214,healthy,80,assembly
2026-01-01 09:40:00,2026-01-01,cell_mfg_001,URLLC,0.43608849956042495,0.2659512753575605,21.139708098231807,-86.466695107387,11.050499832067747,64.58976871955271,34,7,0.5131044130675891,78,632000,17,3,0.01090957453668014,18,5.894963914861943,healthy,80,assembly
2026-01-01 09:45:00,2026-01-01,cell_mfg_001,URLLC,0.44366992565612157,0.34044821242057716,18.98111969772349,-88.50969748785008,11.66284421882212,67.78362740041689,34,7,0.523708609625863,78,632000,17,3,0.0077786824465136345,16,8.148597907255555,healthy,80,assembly
2026-01-01 09:50:00,2026-01-01,cell_mfg_001,URLLC,0.4092236469184157,0.3564212238527807,20.401898040054235,-87.30937156427716,14.918387959822269,65.8910953671253,34,7,0.560887257073633,78,632000,17,2,0.005112088748103507,22,7.036272558314282,healthy,80,assembly
2026-01-01 09:55:00,2026-01-01,cell_mfg_001,URLLC,0.42707794446183794,0.33746204867093627,17.456019672752465,-93.58323764869013,11.625249586885221,60.21814700616857,34,7,0.5292267967460549,78,632000,17,1,0.0015272262774368808,17,6.499893290367487,healthy,80,assembly
2026-01-01 09:00:00,2026-01-01,cell_mfg_002,URLLC,0.4882311916752674,0.38225760402357617,17.829495005940707,-88.73044036974072,9.156478146654239,65.68016158593414,27,7,0.43723286425061864,78,632000,34,0,0.0044238893597812945,21,5.528695464677928,healthy,80,paint
2026-01-01 09:05:00,2026-01-01,cell_mfg_002,URLLC,0.39882970255008693,0.3930127357689891,18.891711076337003,-85.6180788535011,10.426407944383797,73.71835637214927,27,7,0.4621188963749132,78,632000,34,2,0.004543160432888653,23,5.808944230049896,healthy,80,paint
2026-01-01 09:10:00,2026-01-01,cell_mfg_002,URLLC,0.39957941437788347,0.366601756868321,18.298534740920307,-92.06482951467571,6.767775801484984,57.44951154824247,27,7,0.4398401666229076,78,632000,34,1,0.0,28,4.327616878109844,healthy,80,paint
2026-01-01 09:15:00,2026-01-01,cell_mfg_002,URLLC,0.3997833774809551,0.3347977415462906,19.564175248445657,-89.16297263778553,10.646920409241112,66.7732522940657,27,7,0.4622330599350201,78,632000,34,1,0.006799913365386193,20,5.934265226567815,healthy,80,paint
2026-01-01 09:20:00,2026-01-01,cell_mfg_002,URLLC,0.3810554103354542,0.27744045458513356,18.836475942549196,-89.84417098830473,8.809216891966784,60.23319469255302,27,7,0.45659267279519733,78,632000,34,2,0.002509839389337788,17,6.932188092758539,healthy,80,paint
2026-01-01 09:25:00,2026-01-01,cell_mfg_002,URLLC,0.3934746564143637,0.4015005671121905,18.531754410244275,-87.40817366166132,9.822302009730784,56.091230610681244,27,7,0.4802572486404148,78,632000,34,1,0.006994877764278894,11,4.367449658230565,healthy,80,paint
2026-01-01 09:30:00,2026-01-01,cell_mfg_002,URLLC,0.3178187705714753,0.27087944332624014,13.920518368591079,-88.01225107456582,9.219475208149923,63.2593024404591,27,7,0.4772572822771537,78,632000,34,3,0.010248101048879656,18,3.942319392933752,healthy,80,paint
2026-01-01 09:35:00,2026-01-01,cell_mfg_002,URLLC,0.3486068761415584,0.40195021544740556,16.78491559497301,-86.04555414559829,10.871426181273042,68.44591899723245,27,7,0.4874320395123065,78,632000,34,4,0.0062375662806277805,20,5.830129896673684,healthy,80,paint
2026-01-01 09:40:00,2026-01-01,cell_mfg_002,URLLC,0.41724766914806777,0.33742036425450034,15.8127067996233,-88.9926850388164,11.091819963979152,61.307039632193174,27,7,0.5060962581233173,78,632000,34,3,0.0,16,6.730957482525631,healthy,80,paint
2026-01-01 09:45:00,2026-01-01,cell_mfg_002,URLLC,0.362536995701777,0.27572671671330234,16.815646065718852,-88.81362632794291,10.480172226457872,65.07969724815645,27,7,0.49222803277475613,78,632000,34,1,0.003431840816517074,22,4.52497972593012,healthy,80,paint
2026-01-01 09:50:00,2026-01-01,cell_mfg_002,URLLC,0.3370560288027348,0.2711044280457134,18.367077720935956,-85.48643816050898,9.43346867328034,64.46824492758564,27,7,0.47262821778040087,78,632000,34,1,0.006366034742147211,24,5.698046018096813,healthy,80,paint
2026-01-01 09:55:00,2026-01-01,cell_mfg_002,URLLC,0.30142626766324504,0.35931063204901104,16.744008115640895,-88.45505569000686,9.65499094722503,58.03634592676739,27,7,0.4857550624006611,78,632000,34,2,0.004522535202892493,16,6.254704272599195,healthy,80,paint
2026-01-01 09:00:00,2026-01-01,cell_mfg_003,URLLC,0.3244962492382045,0.2954026053518833,20.33230371283134,-84.85492038132392,6.454437705416636,68.03107281972754,19,7,0.4033134604744898,78,632000,51,0,0.005954403163713775,17,6.642189749127473,healthy,80,warehouse
2026-01-01 09:05:00,2026-01-01,cell_mfg_003,URLLC,0.3787287625236129,0.28750503500062063,18.45187420632889,-87.22680258776992,6.410835609830628,60.184796297169015,19,7,0.4047019776299767,78,632000,51,2,0.004129261226261373,12,5.719823137550842,healthy,80,warehouse
2026-01-01 09:10:00,2026-01-01,cell_mfg_003,URLLC,0.41422026306035115,0.3052968447107272,20.331283661462685,-92.07259578757736,6.519662319767325,64.76741909616985,19,7,0.37299524778452736,78,632000,51,0,0.005186229893311444,20,6.208030506877828,healthy,80,warehouse
2026-01-01 09:15:00,2026-01-01,cell_mfg_003,URLLC,0.37852274352039955,0.34098060643719863,15.695647495515441,-85.43636185656538,5.252307106555198,61.65184844265015,19,7,0.361503106378962,78,632000,51,2,0.005583753176579096,21,2.9963215723458383,healthy,80,warehouse
2026-01-01 09:20:00,2026-01-01,cell_mfg_003,URLLC,0.4139815258917553,0.29045379323944437,17.409378302166935,-88.3972053919424,5.067597262122698,61.243324650688315,19,7,0.40820985028096785,78,632000,51,0,0.005213831650469896,21,5.102192118314962,healthy,80,warehouse
2026-01-01 09:25:00,2026-01-01,cell_mfg_003,URLLC,0.39727185863341824,0.3027448636996506,22.339122879318275,-89.58427110744861,4.589540618473098,54.68073716921813,19,7,0.3860888395008872,78,632000,51,1,0.0065538968034061645,23,4.689942190583413,healthy,80,warehouse
2026-01-01 09:30:00,2026-01-01,cell_mfg_003,URLLC,0.3636271838919706,0.23367790498893143,18.73619752298893,-86.48395865315634,6.001799420773579,58.92527825606068,19,7,0.3975991857093362,78,632000,51,1,0.006127823469576629,23,5.7136676484495394,healthy,80,warehouse
2026-01-01 09:35:00,2026-01-01,cell_mfg_003,URLLC,0.3456875461457144,0.346736832491206,17.49679457458004,-86.10357268134248,5.747459597845743,57.61835948888838,19,7,0.3738496225574756,78,632000,51,1,0.0,18,6.028848675428323,healthy,80,warehouse
2026-01-01 09:40:00,2026-01-01,cell_mfg_003,URLLC,0.31723760117287786,0.314008480627182,17.774770936227075,-82.63478689994713,4.584724574997804,59.59249002422897,19,7,0.3786297165445361,78,632000,51,0,0.0,19,4.2566205781121145,healthy,80,warehouse
2026-01-01 09:45:00,2026-01-01,cell_mfg_003,URLLC,0.44331629849096665,0.27946246806525626,18.935692570888815,-85.3341566137492,6.127277526006489,62.66730446715211,19,7,0.3796649664904331,78,632000,51,2,0.0,21,5.1761382301865915,healthy,80,warehouse
2026-01-01 09:50:00,2026-01-01,cell_mfg_003,URLLC,0.3914516462443483,0.24406470354704618,20.195704457718012,-90.1793723262368,6.113937039249924,59.6062954755379,19,7,0.366682903715296,78,632000,51,0,0.002665278572775275,26,6.214716707769956,healthy,80,warehouse
2026-01-01 09:55:00,2026-01-01,cell_mfg_003,URLLC,0.3687009292935839,0.29396516281496143,18.470667977465304,-87.81275021941023,5.153522806048905,62.013101258342786,19,7,0.39444009981238604,78,632000,51,1,0.002882910773200427,22,4.13513973107831,healthy,80,warehouse
2026-01-01 10:00:00,2026-01-01,cell_mfg_001,URLLC,0.5060957465989867,0.38626332616761017,15.851114934756461,-86.4975439767726,16.02527707468214,68.14546727573273,42,7,0.615261112211518,78,632000,17,1,0.005445401717592445,21,6.248993995511986,healthy,100,assembly
2026-01-01 10:05:00,2026-01-01,cell_mfg_001,URLLC,0.4243744500657984,0.4099676622219125,18.956074069776484,-84.42011209197587,17.419010715041633,67.07451642580757,42,7,0.6423213954080739,78,632000,17,2,0.002524213789634547,15,6.154083037475003,healthy,100,assembly
2026-01-01 10:10:00,2026-01-01,cell_mfg_001,URLLC,0.39833126326454366,0.3996850783655053,16.481594340131977,-82.22086205980722,15.260957475455966,69.12286248591899,42,7,0.6042479372436083,78,632000,17,1,0.000792450908406345,18,6.690303501186997,healthy,100,assembly
2026-01-01 10:15:00,2026-01-01,cell_mfg_001,URLLC,0.3931278980488173,0.3744266751089848,16.155710326372393,-84.91528947305328,16.916306101732328,70.88766348294445,42,7,0.5876164703883491,78,632000,17,0,0.009478002723211665,20,4.332960725407504,healthy,100,assembly
2026-01-01 10:20:00,2026-01-01,cell_mfg_001,URLLC,0.38331947991034176,0.37806209227251614,19.574824346372687,-91.1566711311645,16.3897150451161,74.13667924596852,42,7,0.5954146005335242,78,632000,17,0,0.009851534766892624,21,6.301799476839085,healthy,100,assembly
2026-01-01 10:25:00,2026-01-01,cell_mfg_001,URLLC,0.4244611429829972,0.3482795138703413,17.886469948244834,-86.95509079006058,14.39166938168214,69.10771038180899,42,7,0.57369595361497,78,632000,17,2,0.003690778278979904,12,6.871507336193632,healthy,100,assembly
2026-01-01 10:30:00,2026-01-01,cell_mfg_001,URLLC,0.3680466452056414,0.3769521538129408,17.938613031794375,-87.49964611361614,17.035020302534104,61.88873787980701,42,7,0.619985922571926,78,632000,17,4,0.008842937230377856,12,7.41222812266497,healthy,100,assembly
2026-01-01 10:35:00,2026-01-01,cell_mfg_001,URLLC,0.48142118831845776,0.4283526499119634,16.54822412123527,-88.29290916908828,19.10726340355757,72.39517757467104,42,7,0.6505432166554398,78,632000,17,1,0.001481430290529974,16,7.276413956456672,healthy,100,assembly
2026-01-01 10:40:00,2026-01-01,cell_mfg_001,URLLC,0.5061311574286423,0.3299723126514929,17.010286779577953,-87.81802897294496,17.80249364896686,68.66517639325708,42,7,0.6344665408453791,78,632000,17,0,0.005878339708719777,14,5.62753217028338,healthy,100,assembly
2026-01-01 10:45:00,2026-01-01,cell_mfg_001,URLLC,0.47345512759566827,0.34033829116868614,18.320051236389382,-88.43867581550344,14.482265068059542,68.16179955992834,42,7,0.569056787306632,78,632000,17,0,0.0005267767311738242,22,5.791600397282643,healthy,100,assembly
2026-01-01 10:50:00,2026-01-01,cell_mfg_001,URLLC,0.47322472244685526,0.32261557510255046,20.210020911937608,-85.79180232031796,17.728554366197876,64.11215176899547,42,7,0.6157837061649887,78,632000,17,1,0.006573507481016388,19,7.305373793249958,healthy,100,assembly
2026-01-01 10:55:00,2026-01-01,cell_mfg_001,URLLC,0.42235229040037214,0.31822538077102164,16.246843606198123,-91.49679062288301,16.748540171748328,67.45277382589765,42,7,0.6107305457634484,78,632000,17,1,0.008487737466077805,26,5.2009072348168255,healthy,100,assembly
2026-01-01 10:00:00,2026-01-01,cell_mfg_002,URLLC,0.3386842779678132,0.35266944671906564,16.44830443290445,-87.28072996417698,15.185964054376448,67.30578972260021,34,7,0.558121366788905,78,632000,34,2,0.0031727600770453442,16,5.32549787746404,healthy,100,paint
2026-01-01 10:05:00,2026-01-01,cell_mfg_002,URLLC,0.43712075025248687,0.324001184725414,16.428822466167627,-88.7891448112809,10.065199016144865,60.69592235060779,34,7,0.4860994239362505,78,632000,34,0,0.0026736242628735796,22,5.799573088268862,healthy,100,paint
2026-01-01 10:10:00,2026-01-01,cell_mfg_002,URLLC,0.40020653966005093,0.35941833343829666,16.901306472568876,-86.66035858444778,12.729060512333003,67.48928932194589,34,7,0.5554776254616214,78,632000,34,0,0.005129480402908122,8,7.404140885928834,healthy,100,paint
2026-01-01 10:15:00,2026-01-01,cell_mfg_002,URLLC,0.3603525607012183,0.29825051753133314,19.79304919411299,-91.52300906109728,8.636015170308545,65.63085309899024,34,7,0.4638091858661812,78,632000,34,1,0.00910139213703102,15,5.258051550124665,healthy,100,paint
2026-01-01 10:20:00,2026-01-01,cell_mfg_002,URLLC,0.4028563152592266,0.30747257350622886,20.21961594953499,-90.38019823625285,12.508072254395621,60.02335546449582,34,7,0.514569391472459,78,632000,34,2,0.007929711239051354,17,5.365959392143148,healthy,100,paint
2026-01-01 10:25:00,2026-01-01,cell_mfg_002,URLLC,0.4038129411660731,0.2698857521432847,16.946542611091967,-89.49820577720672,11.49207117123796,58.17853516504725,34,7,0.5081345399496124,78,632000,34,0,8.83377972326271e-05,28,6.099577650150289,healthy,100,paint
2026-01-01 10:30:00,2026-01-01,cell_mfg_002,URLLC,0.37801884348347975,0.3783225137407194,16.22568546255835,-88.25273227173035,11.707955294536099,67.76121051976605,34,7,0.5461342752248833,78,632000,34,0,0.002384147465452312,20,5.700364586679417,healthy,100,paint
2026-01-01 10:35:00,2026-01-01,cell_mfg_002,URLLC,0.428535534993497,0.3384554421898733,17.461266666460865,-86.08691193896001,12.44886588356114,68.84037547398846,34,7,0.5332276593232266,78,632000,34,1,0.002062448970434796,20,7.726293970613126,healthy,100,paint
2026-01-01 10:40:00,2026-01-01,cell_mfg_002,URLLC,0.4820033131043492,0.36154674097869227,18.423000125663666,-88.80089893760616,12.017425943723316,67.76909263291451,34,7,0.50649109479947,78,632000,34,1,0.0,16,5.778058514869437,healthy,100,paint
2026-01-01 10:45:00,2026-01-01,cell_mfg_002,URLLC,0.43462900104355584,0.3638129304786824,18.520656710778425,-85.74965901454267,12.557481089105472,61.45902624963131,34,7,0.544959529015661,78,632000,34,1,0.0017748727172612637,21,6.187371156617579,healthy,100,paint
2026-01-01 10:50:00,2026-01-01,cell_mfg_002,URLLC,0.43636039293800427,0.3520741766118002,15.902333523823474,-85.43464349087253,14.329210069050662,64.23648915551826,34,7,0.5267294542967589,78,632000,34,0,0.0031921960805859663,15,7.23028242869904,healthy,100,paint
2026-01-01 10:55:00,2026-01-01,cell_mfg_002,URLLC,0.41859215537499816,0.40560875222487114,18.404876454127425,-87.73616615020808,12.644006671742071,69.53518947346478,34,7,0.5556418892899039,78,632000,34,0,0.012108731361030897,22,6.762794006331005,healthy,100,paint
2026-01-01 10:00:00,2026-01-01,cell_mfg_003,URLLC,0.33066102725063196,0.2531275059470326,19.304245406095628,-92.68377663010338,7.307362456381297,63.120804856951445,24,7,0.4403670034972428,78,632000,51,1,0.005519719416664295,24,5.1980806327449685,healthy,100,warehouse
2026-01-01 10:05:00,2026-01-01,cell_mfg_003,URLLC,0.3654977713470168,0.3518621953799362,16.810083396629626,-86.89081431488324,8.467132810700855,66.3473461236802,24,7,0.4564871053562974,78,632000,51,1,0.005454992613944574,27,5.05182724655819,healthy,100,warehouse
2026-01-01 10:10:00,2026-01-01,cell_mfg_003,URLLC,0.38809026638589667,0.2670817180357148,19.626987669326496,-89.92940955530108,5.381161838168656,65.39169173707751,24,7,0.4055212687162853,78,632000,51,0,0.0076417702661937485,30,5.762933644212107,healthy,100,warehouse
2026-01-01 10:15:00,2026-01-01,cell_mfg_003,URLLC,0.34028419035605,0.25411981694339936,21.15577590719304,-86.93427496394845,8.285311377566176,60.989122547879106,24,7,0.4545777033914436,78,632000,51,1,0.0,18,6.595561834364061,healthy,100,warehouse
2026-01-01 10:20:00,2026-01-01,cell_mfg_003,URLLC,0.3277234333759255,0.23289003750531487,17.981500958293754,-87.36700661601354,8.437203145853239,62.03138843707181,24,7,0.4391915720326196,78,632000,51,0,0.004215982808619937,19,5.68352673888717,healthy,100,warehouse
2026-01-01 10:25:00,2026-01-01,cell_mfg_003,URLLC,0.3378530033440096,0.3183379220199894,20.035851560576752,-85.9258540820182,5.176387806468449,64.94823491758298,24,7,0.3860997998485155,78,632000,51,1,0.006629055574941874,16,5.737636603709785,healthy,100,warehouse
2026-01-01 10:30:00,2026-01-01,cell_mfg_003,URLLC,0.387783701318308,0.34338754864526744,19.79331643258662,-89.08905326044963,8.810343571920589,66.67505580138976,24,7,0.4448775993285722,78,632000,51,0,0.005527495252484608,25,5.9002584536124685,healthy,100,warehouse
2026-01-01 10:35:00,2026-01-01,cell_mfg_003,URLLC,0.36351754322723495,0.36803527441251865,16.7243405657859,-89.07630671550967,5.35756245250316,62.28129267546843,24,7,0.39713785261259693,78,632000,51,0,0.008087497169479313,21,5.82953584658224,healthy,100,warehouse
2026-01-01 10:40:00,2026-01-01,cell_mfg_003,URLLC,0.3865079321294686,0.31630136720214536,18.744157017310457,-85.93492038483448,9.317768314324548,62.363162962739665,24,7,0.4627809511142237,78,632000,51,0,0.006957535755753637,19,5.048472320238406,healthy,100,warehouse
2026-01-01 10:45:00,2026-01-01,cell_mfg_003,URLLC,0.3630490888583506,0.32889156076501436,20.109539307590875,-87.28399617180123,8.059373066172215,72.2261012285616,24,7,0.44169178145156773,78,632000,51,4,0.005772726319252793,20,6.411824344786362,healthy,100,warehouse
2026-01-01 10:50:00,2026-01-01,cell_mfg_003,URLLC,0.49215940429117544,0.32776950597768123,17.24882952643432,-88.86852752449614,9.53207190693073,62.071325880643975,24,7,0.44797737085058936,78,632000,51,2,0.004620138757629313,19,5.630706418109094,healthy,100,warehouse
2026-01-01 10:55:00,2026-01-01,cell_mfg_003,URLLC,0.40803837138799587,0.3253012925239056,17.104874033444275,-86.12503031581721,8.15229582633055,64.29718922872638,24,7,0.45828731019852337,78,632000,51,1,0.0006977108554279384,15,6.920766374977968,healthy,100,warehouse
2026-01-01 11:00:00,2026-01-01,cell_mfg_001,URLLC,0.4080309558435938,0.3616649367649157,16.75411986532076,-89.70963924476538,22.53627096439517,83.8905969929549,50,7,0.7198355385256837,78,632000,17,1,0.009988845684569802,16,7.620551361937774,healthy,120,assembly
2026-01-01 11:05:00,2026-01-01,cell_mfg_001,URLLC,0.4614636425270447,0.4760457361053467,18.115089786371353,-91.73296950524959,21.697548700073053,75.05202741370671,50,7,0.7052924580357153,78,632000,17,3,0.00703091380655301,19,9.041588249374755,healthy,120,assembly
2026-01-01 11:10:00,2026-01-01,cell_mfg_001,URLLC,0.4778722199638782,0.39812028558608903,14.769901492616867,-88.36861404569906,22.539717117897833,68.64342043467595,50,7,0.7177245718519227,78,632000,17,2,0.0012757060482315873,18,7.14717415689602,healthy,120,assembly
2026-01-01 11:15:00,2026-01-01,cell_mfg_001,URLLC,0.4581537521553857,0.40870622694137226,18.717351866257367,-88.87640086651777,21.857812453808066,71.462609105891,50,7,0.7062700005902511,78,632000,17,3,0.009323424819803486,17,7.250128391940766,healthy,120,assembly
2026-01-01 11:20:00,2026-01-01,cell_mfg_001,URLLC,0.48010717784116014,0.3604657736180835,17.8775895691962,-89.5960870833977,21.125830909094066,66.69775198707572,50,7,0.7042819424154665,78,632000,17,1,0.0024029483215594555,21,7.747045428681639,healthy,120,assembly
2026-01-01 11:25:00,2026-01-01,cell_mfg_001,URLLC,0.424923702378545,0.45451317787093337,16.262432352106714,-90.09588814293728,24.18189028611179,68.3297546845307,50,7,0.7586465941604406,78,632000,17,2,0.006940327068256518,19,8.658317710847736,healthy,120,assembly
2026-01-01 11:30:00,2026-01-01,cell_mfg_001,URLLC,0.4515792551740535,0.3279133193549233,16.548602629698298,-88.11740887369854,18.938202753030698,74.60918764775215,50,7,0.683850159779205,78,632000,17,4,0.008770374483599169,25,6.038895443689436,healthy,120,assembly
2026-01-01 11:35:00,2026-01-01,cell_mfg_001,URLLC,0.3813083803308007,0.35980883011376036,17.961128206965245,-88.39795977223957,21.837009201470835,74.84369752357416,50,7,0.7122998873364234,78,632000,17,1,0.00933834556585538,23,7.080951875719522,healthy,120,assembly
2026-01-01 11:40:00,2026-01-01,cell_mfg_001,URLLC,0.5016509892048631,0.42753573189069216,17.942987162073347,-94.13555973262478,18.482145612130058,68.27821098979808,50,7,0.6578415747219879,78,632000,17,1,0.006665472592555821,18,5.161320547515832,healthy,120,assembly
2026-01-01 11:45:00,2026-01-01,cell_mfg_001,URLLC,0.49474236544848677,0.4057203699085807,18.855981299073598,-83.4531391028878,22.756079267777142,73.74783470087746,50,7,0.7348811847077568,78,632000,17,1,0.009419761955830903,22,8.436619799539436,healthy,120,assembly
2026-01-01 11:50:00,2026-01-01,cell_mfg_001,URLLC,0.5793006974787892,0.36119993055005956,16.928159077759318,-88.6202380969199,22.319431523416988,76.35096959820483,50,7,0.7340675201634036,78,632000,17,0,0.00965977778075251,17,4.917997165874053,healthy,120,assembly
2026-01-01 11:55:00,2026-01-01,cell_mfg_001,URLLC,0.4769350325086345,0.4428411622073654,18.15827266036795,-86.35518538021348,20.98904791157599,80.38152473411644,50,7,0.6931325131569216,78,632000,17,0,0.0030271126179763574,26,7.20914049406069,healthy,120,assembly
2026-01-01 11:00:00,2026-01-01,cell_mfg_002,URLLC,0.5321754498479072,0.3515841223161823,18.651143828565196,-85.30044209826112,17.349850525396025,70.89992927569871,41,7,0.6204030177022197,78,632000,34,1,0.0038468581674907247,10,7.187450642996938,healthy,120,paint
2026-01-01 11:05:00,2026-01-01,cell_mfg_002,URLLC,0.4067155544727579,0.3002997010679978,18.397207014625867,-87.88320687991228,14.948600684568298,73.27869607948796,41,7,0.5525131435344238,78,632000,34,0,0.0056778954847730425,20,8.805771164035576,healthy,120,paint
2026-01-01 11:10:00,2026-01-01,cell_mfg_002,URLLC,0.4351971330839702,0.2802095476929882,17.678262187190384,-86.192528580007,18.38770567948831,75.19784857540877,41,7,0.6288631386842265,78,632000,34,2,0.008375747566213423,26,7.447690145971266,healthy,120,paint
2026-01-01 11:15:00,2026-01-01,cell_mfg_002,URLLC,0.3953926167787073,0.2749423208499773,18.220129808552038,-87.16801948745571,17.77386695761383,70.07022513011002,41,7,0.6242885155160991,78,632000,34,2,0.004851002989791492,16,6.428692561641802,healthy,120,paint
2026-01-01 11:20:00,2026-01-01,cell_mfg_002,URLLC,0.42728848177802836,0.327072014753795,19.242252613413182,-90.01732252846872,19.27913207981969,73.75758864799351,41,7,0.6200083573970346,78,632000,34,0,0.010920396814855664,19,8.153671024592736,healthy,120,paint
2026-01-01 11:25:00,2026-01-01,cell_mfg_002,URLLC,0.4445052409775098,0.3589318119663151,17.54207360669157,-86.2353188364306,13.761303696585053,66.4839125875843,41,7,0.5991325674260082,78,632000,34,1,0.007017778590649873,23,6.042119106746117,healthy,120,paint
2026-01-01 11:30:00,2026-01-01,cell_mfg_002,URLLC,0.3643661760612187,0.39063878986795264,15.3241793897285,-87.19840144630368,14.990691422343602,69.10001916942798,41,7,0.5677798322682508,78,632000,34,2,0.009492378521766157,19,5.8268915682617015,healthy,120,paint
2026-01-01 11:35:00,2026-01-01,cell_mfg_002,URLLC,0.41489771173614765,0.3277624046467086,15.344005921524099,-87.23453364426636,16.734416657155993,70.40469266257392,41,7,0.6227175819553789,78,632000,34,3,0.008920763486687288,26,5.203804741028295,healthy,120,paint
2026-01-01 11:40:00,2026-01-01,cell_mfg_002,URLLC,0.4175165670876435,0.3870494158621325,14.256640324887504,-91.53838736901112,15.597284179127564,66.30006824509744,41,7,0.5719662300066487,78,632000,34,1,0.010427052629855852,18,6.522640492601532,healthy,120,paint
2026-01-01 11:45:00,2026-01-01,cell_mfg_002,URLLC,0.5156822088537136,0.30151202899234286,19.624129712886116,-89.85263106472252,19.713432850655355,69.2126531050663,41,7,0.6363447318141005,78,632000,34,2,0.00269260610740675,16,7.066841318712982,healthy,120,paint
2026-01-01 11:50:00,2026-01-01,cell_mfg_002,URLLC,0.4039352490794816,0.3919877003365169,19.290948955295598,-82.60874740249918,17.5276615773337,71.56469626516419,41,7,0.6328884832040671,78,632000,34,0,0.0052804526349328655,18,7.4894001836407735,healthy,120,paint
2026-01-01 11:55:00,2026-01-01,cell_mfg_002,URLLC,0.4096966303706135,0.3459786404793994,18.123348427789495,-85.82412263035549,16.942301773101132,71.44452335287217,41,7,0.6284776042228035,78,632000,34,1,0.0033873492922798045,12,5.637393865301301,healthy,120,paint
2026-01-01 11:00:00,2026-01-01,cell_mfg_003,URLLC,0.369836564600718,0.3087796855660802,20.396006930436997,-86.25210482113896,8.619390669492159,62.26898016071518,29,7,0.45517080704500157,78,632000,51,2,0.00024447938560957956,21,6.256777008287071,healthy,120,warehouse
2026-01-01 11:05:00,2026-01-01,cell_mfg_003,URLLC,0.4312859696783474,0.31519725492476497,21.186443193824168,-89.33847689487209,9.298310797427057,65.92685513668239,29,7,0.465309562347485,78,632000,51,1,0.0,19,5.688967422880637,healthy,120,warehouse
2026-01-01 11:10:00,2026-01-01,cell_mfg_003,URLLC,0.4334126428868653,0.29832932214932867,19.505528724361973,-89.09998304765398,11.297044156629168,65.07099902198337,29,7,0.49067762575023677,78,632000,51,1,0.010510944945098978,19,3.9707766127747526,healthy,120,warehouse
2026-01-01 11:15:00,2026-01-01,cell_mfg_003,URLLC,0.44114673423819356,0.34577813756993686,20.228360299921818,-85.73715264670602,10.823596454304342,66.07565439470012,29,7,0.4742981766688794,78,632000,51,2,0.00721230714810098,18,5.304474329610171,healthy,120,warehouse
2026-01-01 11:20:00,2026-01-01,cell_mfg_003,URLLC,0.37733937396320144,0.326839315703296,20.577590428428344,-86.46551985144114,12.728043759214136,65.57496005764555,29,7,0.5306691910104744,78,632000,51,3,0.008219522263449516,21,5.991597970397885,healthy,120,warehouse
2026-01-01 11:25:00,2026-01-01,cell_mfg_003,URLLC,0.3859432905567172,0.36969407719166936,17.41282655963809,-85.27948715096802,9.853145632212561,64.7999485647488,29,7,0.44298803270664544,78,632000,51,2,0.007729570039251171,19,6.599004304428211,healthy,120,warehouse
2026-01-01 11:30:00,2026-01-01,cell_mfg_003,URLLC,0.42000964610047065,0.34270913478472154,17.767135394659924,-86.00103459122894,7.858588845725517,67.60495331226859,29,7,0.46636642919745414,78,632000,51,1,0.007457760491569898,18,7.616774304082973,healthy,120,warehouse
2026-01-01 11:35:00,2026-01-01,cell_mfg_003,URLLC,0.38345490059383247,0.24299886813280486,18.90246014469402,-88.33607612438439,8.681089191309423,64.64706664670811,29,7,0.44462559794886414,78,632000,51,1,0.0,25,7.0088654957601,healthy,120,warehouse
2026-01-01 11:40:00,2026-01-01,cell_mfg_003,URLLC,0.44614274811502497,0.2887384959108079,18.602151765143876,-86.69696771141713,10.89014787553374,71.80953434136039,29,7,0.49697391101628674,78,632000,51,1,0.010312626483583187,28,6.557786015318432,healthy,120,warehouse
2026-01-01 11:45:00,2026-01-01,cell_mfg_003,URLLC,0.3681669340806227,0.2878489925106244,20.306087291470988,-84.83131531426696,12.406389608918026,66.6050855603239,29,7,0.5248353270360439,78,632000,51,0,0.004707126704064714,23,6.070747984170844,healthy,120,warehouse
2026-01-01 11:50:00,2026-01-01,cell_mfg_003,URLLC,0.4572064798120774,0.33877651359039695,19.278694835951253,-89.24252518307449,11.238957493604595,65.41087280745275,29,7,0.49649521436226074,78,632000,51,3,0.008977401872497274,16,7.093066605300422,healthy,120,warehouse
2026-01-01 11:55:00,2026-01-01,cell_mfg_003,URLLC,0.4572526794350685,0.322886572855852,18.60753069763285,-85.2180908428167,9.03621213651972,62.904868782589105,29,7,0.4951722779573151,78,632000,51,3,0.009153159715935277,14,4.4698025278437035,healthy,120,warehouse
2026-01-01 12:00:00,2026-01-01,cell_mfg_001,URLLC,0.47864082742592073,0.416097308134754,19.01860457219663,-89.71846033246928,25.88697067749444,68.15275839223933,59,7,0.8085930231760948,78,632000,17,4,0.0034310959483188678,19,7.711938320994035,healthy,140,assembly
2026-01-01 12:05:00,2026-01-01,cell_mfg_001,URLLC,0.509406273106703,0.3769503955793361,17.44090391576001,-88.1653542790966,28.410924509590686,75.41026475968357,59,7,0.8218268394385515,78,632000,17,2,0.0017328272829189762,26,7.634672578108202,healthy,140,assembly
2026-01-01 12:10:00,2026-01-01,cell_mfg_001,URLLC,0.5022837405052314,0.37762405689045514,15.999061259392567,-85.2818826079378,25.730421642024055,77.9345606069496,59,7,0.7826511714034797,78,632000,17,2,0.002659246204291954,22,9.849316079137296,healthy,140,assembly
2026-01-01 12:15:00,2026-01-01,cell_mfg_001,URLLC,0.5049717454357506,0.3929632715819366,17.959060449528508,-90.07707241437149,22.370233519261106,72.2727635784277,59,7,0.7615653313834181,78,632000,17,2,0.010146360525148933,18,7.25674743806183,healthy,140,assembly
2026-01-01 12:20:00,2026-01-01,cell_mfg_001,URLLC,0.49494494028273106,0.41560393316373656,16.480810460108298,-86.79387486826624,23.23367582269828,73.98180423364629,59,7,0.7522796141443431,78,632000,17,1,0.005475186159611608,23,7.298022244974876,healthy,140,assembly
2026-01-01 12:25:00,2026-01-01,cell_mfg_001,URLLC,0.5239598252578784,0.46571454973236037,17.17544612800304,-86.18473038776433,27.26606075938106,68.48634184476127,59,7,0.7971371836259626,78,632000,17,1,0.007034638172072396,22,6.201994053084093,healthy,140,assembly
2026-01-01 12:30:00,2026-01-01,cell_mfg_001,URLLC,0.4645187101935369,0.4138672056115616,16.944853142966068,-85.37772723660783,26.258444270263965,70.46201281634441,59,7,0.7820057246776603,78,632000,17,3,0.0,18,8.463523666266912,healthy,140,assembly
2026-01-01 12:35:00,2026-01-01,cell_mfg_001,URLLC,0.498751477641521,0.43241239633238693,12.951570607838924,-87.57148356302908,24.761783976563006,76.42345840835235,59,7,0.76019889364102,78,632000,17,2,0.009744570008475324,21,6.535007190860078,healthy,140,assembly
2026-01-01 12:40:00,2026-01-01,cell_mfg_001,URLLC,0.5473747617967422,0.3729586178786341,17.81112072986376,-85.59614060276353,25.28404659714102,76.22767746914027,59,7,0.7844649332293656,78,632000,17,1,0.005459735646324051,19,7.373150253350399,healthy,140,assembly
2026-01-01 12:45:00,2026-01-01,cell_mfg_001,URLLC,0.45901559990084695,0.3643226171934598,20.293869258604964,-89.10067941104258,24.116394976851574,70.52227855529114,59,7,0.7653798124196395,78,632000,17,2,0.012365022457707618,20,9.80469811968074,healthy,140,assembly
2026-01-01 12:50:00,2026-01-01,cell_mfg_001,URLLC,0.4347452944461512,0.45718043670658515,19.38614855462968,-86.08389549790421,26.372444615204774,72.2539089093345,59,7,0.8228017730243564,78,632000,17,0,0.0075902964122467435,20,8.611599636438449,healthy,140,assembly
2026-01-01 12:55:00,2026-01-01,cell_mfg_001,URLLC,0.5489603855694446,0.3684964684386337,18.552015010681565,-87.51291660973261,25.535096322517795,76.03550077656804,59,7,0.7977874009337027,78,632000,17,1,0.0,18,6.331460945453765,healthy,140,assembly
2026-01-01 12:00:00,2026-01-01,cell_mfg_002,URLLC,0.3937459863230145,0.4529059021820376,19.131141826280494,-86.41220803745047,19.933315178670707,68.88382670456943,48,7,0.6626620118579281,78,632000,34,4,0.002831984385896116,31,7.476292899317067,healthy,140,paint
2026-01-01 12:05:00,2026-01-01,cell_mfg_002,URLLC,0.4401572361677144,0.40284341730489864,19.515564207589016,-87.18246291159001,19.639196545060358,77.6780268743569,48,7,0.6644049889662141,78,632000,34,2,0.0009565243285747302,18,6.581894847004551,healthy,140,paint
2026-01-01 12:10:00,2026-01-01,cell_mfg_002,URLLC,0.510614827227889,0.4098242653265792,18.70652668517161,-88.46704239781958,21.55180499764703,69.59480961255396,48,7,0.7129897593412734,78,632000,34,1,0.0018568149224689073,19,8.150762594700211,healthy,140,paint
2026-01-01 12:15:00,2026-01-01,cell_mfg_002,URLLC,0.5356452949867804,0.3061773934212403,18.255332703312806,-90.7040866631463,20.009128237293105,72.09480861125364,48,7,0.6978569419729767,78,632000,34,1,0.001577894188365697,19,6.706725306144572,healthy,140,paint
2026-01-01 12:20:00,2026-01-01,cell_mfg_002,URLLC,0.49671488668595526,0.4165269724009068,15.344824805977467,-87.3541636948317,19.327278815502943,74.7794784500911,48,7,0.6761801765094093,78,632000,34,1,0.0,20,6.952441078277126,healthy,140,paint
2026-01-01 12:25:00,2026-01-01,cell_mfg_002,URLLC,0.4299909711538671,0.4220269317730971,19.36279676938197,-89.94338045368362,23.834734756521645,81.63570802291196,48,7,0.7220537664642066,78,632000,34,1,0.0,23,7.539927670927803,healthy,140,paint
2026-01-01 12:30:00,2026-01-01,cell_mfg_002,URLLC,0.48981583859434413,0.41207253577283554,16.746661324386245,-90.04252556279695,21.363283945544268,76.04425693222872,48,7,0.7059084871342562,78,632000,34,0,0.004328503722294755,18,7.94303026459316,healthy,140,paint
2026-01-01 12:35:00,2026-01-01,cell_mfg_002,URLLC,0.4763359566560216,0.3499243291382784,20.330602639096863,-88.07403470205682,20.880362802288406,77.13387757506051,48,7,0.7003996012573513,78,632000,34,0,0.010723676075297409,19,6.40158631387663,healthy,140,paint
2026-01-01 12:40:00,2026-01-01,cell_mfg_002,URLLC,0.42315705669550085,0.33250470100074525,18.626221944981506,-84.8933730420654,18.53378220330745,83.8981249159873,48,7,0.6392840142421178,78,632000,34,3,0.0018663957844135184,16,5.1301628204996135,healthy,140,paint
2026-01-01 12:45:00,2026-01-01,cell_mfg_002,URLLC,0.43334856656195697,0.3986563400882827,18.298928307043965,-86.16440250812909,17.927680433080468,69.51122482394632,48,7,0.6789245058505973,78,632000,34,3,0.0,22,7.201038062755507,healthy,140,paint
2026-01-01 12:50:00,2026-01-01,cell_mfg_002,URLLC,0.46283939303659377,0.3562730499745294,16.75040828908065,-90.37279745556557,19.004308831697866,73.34646731963932,48,7,0.6660701422520732,78,632000,34,1,0.0017297664066801381,17,7.724113828154255,healthy,140,paint
2026-01-01 12:55:00,2026-01-01,cell_mfg_002,URLLC,0.45024403639164845,0.3844472008139671,19.638142756464184,-87.91192541826737,17.833588423446024,69.51161204173555,48,7,0.6619887797551407,78,632000,34,5,0.009084889156876531,22,8.722070691565051,healthy,140,paint
2026-01-01 12:00:00,2026-01-01,cell_mfg_003,URLLC,0.3887202184105315,0.34977157597667696,16.123276114016427,-88.96091152976543,16.417759220562644,70.40860958390712,34,7,0.5753980072136348,78,632000,51,1,0.0009209592584741456,23,6.701525799679547,healthy,140,warehouse
2026-01-01 12:05:00,2026-01-01,cell_mfg_003,URLLC,0.4647273941126874,0.38305542344123533,16.951648928932766,-93.15106624457896,10.831497736876019,70.23870302677797,34,7,0.5022394645486153,78,632000,51,1,0.002015534068229096,18,5.337784630853091,healthy,140,warehouse
2026-01-01 12:10:00,2026-01-01,cell_mfg_003,URLLC,0.41231595148747496,0.34988651193549863,20.720075650111372,-86.82706515152555,15.991969317734789,65.5863876357441,34,7,0.5770665073359059,78,632000,51,2,0.0050977948876791464,23,6.197287164819985,healthy,140,warehouse
2026-01-01 12:15:00,2026-01-01,cell_mfg_003,URLLC,0.4221519826136118,0.34817466828702653,21.28150957229871,-90.21017922971963,7.739528417496812,68.88489291437033,34,7,0.4730976201056809,78,632000,51,2,0.0009275295539252571,20,4.3986313199581755,healthy,140,warehouse
2026-01-01 12:20:00,2026-01-01,cell_mfg_003,URLLC,0.4587221426159673,0.3386678852403538,18.110809868383154,-88.84005866644401,13.948929674316396,66.63010270433018,34,7,0.5712476554318757,78,632000,51,2,0.013125600659114011,14,5.7216532745675925,healthy,140,warehouse
2026-01-01 12:25:00,2026-01-01,cell_mfg_003,URLLC,0.4794092860678624,0.3329751067676925,18.574860226455854,-90.31472814329054,12.094605500723741,66.40107692035353,34,7,0.5328738896035029,78,632000,51,2,0.014198656278459357,26,6.397027837529662,healthy,140,warehouse
2026-01-01 12:30:00,2026-01-01,cell_mfg_003,URLLC,0.5132089084260721,0.32138415188343505,16.93366106528373,-90.09210569937807,15.106306650673877,66.52383113077978,34,7,0.570593009029825,78,632000,51,2,0.011509605357858744,25,7.042481020784954,healthy,140,warehouse
2026-01-01 12:35:00,2026-01-01,cell_mfg_003,URLLC,0.3386526929436559,0.38321308819118777,17.727365510714627,-86.19273759002687,13.864609789753565,64.9099144642287,34,7,0.5851531867843898,78,632000,51,0,0.003938559566742982,18,6.131881436314899,healthy,140,warehouse
2026-01-01 12:40:00,2026-01-01,cell_mfg_003,URLLC,0.4598875708096546,0.3559455729535214,14.888434779192288,-90.12278359893821,13.836852829840065,64.23615361147148,34,7,0.5389666042431,78,632000,51,1,0.0027331478987594007,16,6.080430933947116,healthy,140,warehouse
2026-01-01 12:45:00,2026-01-01,cell_mfg_003,URLLC,0.4285182301945355,0.336806616780182,19.074974692218735,-90.13101479471919,13.478705865254232,63.39620344531817,34,7,0.5363309168200417,78,632000,51,1,0.0,21,6.343186066705684,healthy,140,warehouse
2026-01-01 12:50:00,2026-01-01,cell_mfg_003,URLLC,0.412838859735995,0.3052078404260636,17.37240465797538,-87.27029940544814,11.928779459298188,71.79882341152162,34,7,0.5336029099358508,78,632000,51,0,0.0047120056302408465,21,6.672176844289232,healthy,140,warehouse
2026-01-01 12:55:00,2026-01-01,cell_mfg_003,URLLC,0.3814586221369491,0.33776914094160704,17.438119428416936,-89.94865345392188,15.192432500544342,63.02304374340817,34,7,0.5582245795101163,78,632000,51,2,0.008983434897489442,18,7.409953242347195,healthy,140,warehouse
2026-01-01 13:00:00,2026-01-01,cell_mfg_001,URLLC,0.5353653153061947,0.4518596791377416,18.016406331473704,-84.19057734828195,32.07367572001148,77.359736904251,67,7,0.8769809510312311,78,632000,17,0,0.01107822295032482,25,8.448861244040097,healthy,160,assembly
2026-01-01 13:05:00,2026-01-01,cell_mfg_001,URLLC,0.5348426452843211,0.3725858295196919,15.305909664505062,-86.2479408447655,28.32975672567202,75.09129438489028,67,7,0.8327225564357347,78,632000,17,1,0.01007049424321562,22,7.526164150326487,healthy,160,assembly
2026-01-01 13:10:00,2026-01-01,cell_mfg_001,URLLC,0.5413631996859547,0.4803763916299282,19.30105648238376,-89.67412344072324,29.676866350887998,74.89853914927266,67,7,0.8602294585556117,78,632000,17,0,0.0023989582753849636,18,9.80496516354979,healthy,160,assembly
2026-01-01 13:15:00,2026-01-01,cell_mfg_001,URLLC,0.5588528291540994,0.40095933882367113,16.48441843273199,-86.78163758955252,29.3784171479379,86.5729858191784,67,7,0.8436557243645069,78,632000,17,1,0.0023740555727251047,22,8.7444520755667,healthy,160,assembly
2026-01-01 13:20:00,2026-01-01,cell_mfg_001,URLLC,0.5838192966599077,0.506239296966482,18.56724707323432,-87.76941847792726,28.60059366035899,79.46047977260666,67,7,0.8752949606752706,78,632000,17,1,0.006807096036493397,21,7.510052114846094,healthy,160,assembly
2026-01-01 13:25:00,2026-01-01,cell_mfg_001,URLLC,0.557044473235698,0.4513057708529545,18.210586665084087,-88.42936619245495,28.339265847087947,81.27060993803605,67,7,0.8407814347323073,78,632000,17,5,0.005742053226338975,19,7.570832581529341,healthy,160,assembly
2026-01-01 13:30:00,2026-01-01,cell_mfg_001,URLLC,0.6140878380777526,0.4340301721372643,22.170819864177016,-88.79905883072644,29.33303573877221,80.66973541690935,67,7,0.8438767661224462,78,632000,17,1,0.009262740698880192,23,8.815314031832298,healthy,160,assembly
2026-01-01 13:35:00,2026-01-01,cell_mfg_001,URLLC,0.4988400922194513,0.45833996298201535,17.105556446705016,-89.56047945867456,31.056652371089505,79.60194154444079,67,7,0.869152090173673,78,632000,17,1,0.00978701517326845,20,6.9036256623388965,healthy,160,assembly
2026-01-01 13:40:00,2026-01-01,cell_mfg_001,URLLC,0.562264582071061,0.4158055877345068,17.864704709602474,-90.09611892822114,28.680812119805697,80.73918608690126,67,7,0.8545444635066858,78,632000,17,2,0.0080955608318031,26,8.747017311921114,healthy,160,assembly
2026-01-01 13:45:00,2026-01-01,cell_mfg_001,URLLC,0.5697235007218142,0.4486847932002012,18.323375360238664,-87.58395340190276,30.856213471894534,71.47484238142982,67,7,0.8964166342494534,78,632000,17,1,0.01739055764535127,19,8.88692535864234,healthy,160,assembly
2026-01-01 13:50:00,2026-01-01,cell_mfg_001,URLLC,0.5209077975893274,0.3871179667658939,15.044717174175787,-89.9876705928151,29.231466219325572,75.62705725623664,67,7,0.8892522853793849,78,632000,17,2,0.008926059606004136,26,7.1639119486041505,healthy,160,assembly
2026-01-01 13:55:00,2026-01-01,cell_mfg_001,URLLC,0.5817398325722589,0.4293519168411381,19.087192040328908,-87.4860692177456,30.264223862362527,76.22532123656632,67,7,0.8668388560397366,78,632000,17,1,0.006694697646492097,23,9.119827675140646,healthy,160,assembly
2026-01-01 13:00:00,2026-01-01,cell_mfg_002,URLLC,0.449392832222233,0.44387908192951425,18.386126035472667,-90.72185014726588,22.551653537772182,76.85659256655913,54,7,0.7302913615533745,78,632000,34,2,0.004753937281581451,26,7.458582412762576,healthy,160,paint
2026-01-01 13:05:00,2026-01-01,cell_mfg_002,URLLC,0.45381694886690593,0.40069013264125297,18.624936460578063,-90.9935150935243,19.46341044427609,71.67208476908007,54,7,0.7024623770065372,78,632000,34,0,0.006020328175471034,27,6.247014719839986,healthy,160,paint
2026-01-01 13:10:00,2026-01-01,cell_mfg_002,URLLC,0.5200512706794008,0.4395663840885551,15.79745034654727,-85.86068058651739,23.850943798562103,78.42931002881146,54,7,0.7657440296791239,78,632000,34,0,0.0071831750393998115,22,7.826885746372248,healthy,160,paint
2026-01-01 13:15:00,2026-01-01,cell_mfg_002,URLLC,0.5252939471984708,0.41063338310075664,19.47900294553251,-88.17746586837573,24.109664207041146,68.64053035081713,54,7,0.7561280639717395,78,632000,34,2,0.0016247600859011072,22,6.95405489819887,healthy,160,paint
2026-01-01 13:20:00,2026-01-01,cell_mfg_002,URLLC,0.44671270691652165,0.4164207811435038,20.219056763947986,-89.06892432138741,24.466468796027236,74.46979481078925,54,7,0.7851075427558423,78,632000,34,0,0.0036502809835753016,10,7.675608976098697,healthy,160,paint
2026-01-01 13:25:00,2026-01-01,cell_mfg_002,URLLC,0.4833009005162565,0.38811228500843714,14.573094605175879,-90.35197288015391,22.072049300422897,72.73502527350468,54,7,0.7361739428518449,78,632000,34,1,0.009325801878514128,18,7.057295606450282,healthy,160,paint
2026-01-01 13:30:00,2026-01-01,cell_mfg_002,URLLC,0.4607793671799552,0.4435639921493602,15.465796406523175,-85.94148433642168,26.07127072306119,79.2580547884622,54,7,0.7875905466822891,78,632000,34,2,0.002771317891787602,22,7.280269692620594,healthy,160,paint
2026-01-01 13:35:00,2026-01-01,cell_mfg_002,URLLC,0.4879630778116826,0.385544707505362,17.882465273224426,-86.9874925139326,23.367747387196495,75.80888824814639,54,7,0.7578488376498831,78,632000,34,2,0.007481489575725432,33,8.011455654990359,healthy,160,paint
2026-01-01 13:40:00,2026-01-01,cell_mfg_002,URLLC,0.47015322933230663,0.4291045590887825,17.361320700446083,-87.81155314905139,24.439417956029118,72.26439345432497,54,7,0.7561160877827926,78,632000,34,2,0.0009641360896469877,18,8.558443785184625,healthy,160,paint
2026-01-01 13:45:00,2026-01-01,cell_mfg_002,URLLC,0.5215531886848412,0.4396040597975909,18.094249601880758,-86.91750493728229,22.721732839671485,74.70206184806705,54,7,0.7633472795227466,78,632000,34,3,0.003747384244366877,21,5.883068063137356,healthy,160,paint
2026-01-01 13:50:00,2026-01-01,cell_mfg_002,URLLC,0.5099196548321835,0.36004171251805467,15.035132457678063,-88.78433958167335,22.75373091911845,73.05270481795365,54,7,0.7340629166267643,78,632000,34,0,0.0038745200323771958,28,8.108292914945851,healthy,160,paint
2026-01-01 13:55:00,2026-01-01,cell_mfg_002,URLLC,0.511972182117715,0.3665180421415696,17.743908940081187,-87.24735434044774,21.155539784724848,74.75036446769437,54,7,0.7072934060032788,78,632000,34,4,0.0060265375243261175,26,6.771787032345734,healthy,160,paint
2026-01-01 13:00:00,2026-01-01,cell_mfg_003,URLLC,0.44302031877207027,0.31806703476843884,18.817102334704824,-90.33170249545734,14.074570300000087,59.40314448968955,38,7,0.558510387295814,78,632000,51,2,0.004776218271818927,20,6.1214145662555755,healthy,160,warehouse
2026-01-01 13:05:00,2026-01-01,cell_mfg_003,URLLC,0.41007008211203533,0.3802084772231786,17.593246529261304,-89.69802544955903,11.950172440329766,68.40688046428166,38,7,0.5455931921488939,78,632000,51,1,0.002664452243631124,21,7.96410037168718,healthy,160,warehouse
2026-01-01 13:10:00,2026-01-01,cell_mfg_003,URLLC,0.4143752741604539,0.29322971294623024,17.222664705515175,-89.9154048254356,14.29773252956437,68.34630816319674,38,7,0.5672772664999146,78,632000,51,2,0.006704495787277706,22,6.944646252672353,healthy,160,warehouse
2026-01-01 13:15:00,2026-01-01,cell_mfg_003,URLLC,0.45035927602809384,0.38819751558456406,16.899124669293897,-85.66429027894496,13.8359451205171,66.46264019926922,38,7,0.5614030177604782,78,632000,51,3,0.0,18,7.872427212269791,healthy,160,warehouse
2026-01-01 13:20:00,2026-01-01,cell_mfg_003,URLLC,0.4395763814758348,0.340877493217153,16.27066370855661,-87.6369348383399,15.780481837349013,60.35021177582608,38,7,0.5963357997045925,78,632000,51,2,0.0,25,6.585209424821487,healthy,160,warehouse
2026-01-01 13:25:00,2026-01-01,cell_mfg_003,URLLC,0.44941029912666947,0.3704331701135069,18.880153558356156,-84.01372704933672,16.013712224113295,79.69778981306465,38,7,0.5811166251298167,78,632000,51,6,0.0010862364798342617,17,6.576852424973026,healthy,160,warehouse
2026-01-01 13:30:00,2026-01-01,cell_mfg_003,URLLC,0.4369591084547542,0.3402622813460194,19.809610066404456,-88.42583974066676,16.57738776486129,68.62605268085896,38,7,0.5768975248659804,78,632000,51,2,0.012929041200582359,20,5.038205445835988,healthy,160,warehouse
2026-01-01 13:35:00,2026-01-01,cell_mfg_003,URLLC,0.4005559145529068,0.364652971281128,16.530944121008975,-88.22353109116268,17.827018176667647,74.28719667018922,38,7,0.6016047586280793,78,632000,51,2,0.007884901491199168,15,5.366581013426779,healthy,160,warehouse
2026-01-01 13:40:00,2026-01-01,cell_mfg_003,URLLC,0.49124303752279136,0.39265601668058586,15.567520087153987,-88.37440323342099,17.671820819515492,60.85605920341574,38,7,0.5962863147484898,78,632000,51,1,0.010449832976000852,15,7.127385828707514,healthy,160,warehouse
2026-01-01 13:45:00,2026-01-01,cell_mfg_003,URLLC,0.41444249800152216,0.39077385015089394,19.59960290413853,-85.1479206142661,12.327584296717779,68.51357686228528,38,7,0.5305624850979854,78,632000,51,3,0.009551827077600196,20,5.96984116340025,healthy,160,warehouse
2026-01-01 13:50:00,2026-01-01,cell_mfg_003,URLLC,0.49203250392017056,0.3535281108849795,19.645562065404263,-85.60936868713576,12.824759275737518,69.40580863840971,38,7,0.553690792673507,78,632000,51,2,0.003871942072259161,25,6.894403760480381,healthy,160,warehouse
2026-01-01 13:55:00,2026-01-01,cell_mfg_003,URLLC,0.45230860120380273,0.3770351535095658,16.381403361336638,-86.74658410157298,13.857267493578021,67.71507586181319,38,7,0.5542379061327912,78,632000,51,0,0.01159244864729552,17,7.293578107541521,healthy,160,warehouse
