timestamp,date,cell_id,slice_type,prb_utilization_dl,prb_utilization_ul,sinr_db,rsrp_dbm,latency_ms,throughput_mbps,ue_count,qos_class_id,edge_inference_load,band,arfcn,pci,handover_count,drop_rate,ta,jitter_ms,cell_state
2026-05-14T00:00:00,2026-05-14,cell_001,eMBB,0.42,0.31,18.4,-88.2,18.5,142.0,46,9,0.33,78,360120,17,1,0.006,18,4.2,healthy
2026-05-14T00:05:00,2026-05-14,cell_001,eMBB,0.58,0.43,16.1,-90.4,23.4,168.5,61,9,0.45,78,360120,17,2,0.012,22,5.6,healthy
2026-05-14T00:10:00,2026-05-14,cell_001,URLLC,0.38,0.24,20.2,-86.5,6.8,48.4,24,7,0.29,78,360120,17,1,0.004,15,2.8,healthy
2026-05-14T00:15:00,2026-05-14,cell_001,URLLC,0.81,0.63,12.7,-94.0,34.5,62.1,38,7,0.72,78,360120,17,7,0.061,34,12.3,degraded
2026-05-14T00:20:00,2026-05-14,cell_002,eMBB,0.74,0.52,14.6,-91.7,29.2,214.6,82,9,0.61,41,360240,34,4,0.033,28,8.9,healthy
2026-05-14T00:25:00,2026-05-14,cell_002,mMTC,0.28,0.19,19.7,-87.3,31.1,11.8,104,1,0.22,41,360240,34,0,0.003,12,6.1,healthy
2026-05-14T00:30:00,2026-05-14,cell_002,mMTC,0.47,0.34,16.9,-89.9,42.6,14.2,139,1,0.38,41,360240,34,2,0.018,19,9.7,healthy
2026-05-14T00:35:00,2026-05-14,cell_003,eMBB,0.86,0.69,10.8,-98.1,46.3,188.9,96,9,0.78,28,360360,51,8,0.074,41,15.8,degraded
2026-05-14T00:40:00,2026-05-14,cell_003,URLLC,0.52,0.37,17.5,-90.1,8.6,54.0,33,7,0.36,28,360360,51,2,0.008,18,3.5,healthy
2026-05-14T00:45:00,2026-05-14,cell_003,mMTC,0.33,0.22,21.0,-84.9,27.4,9.7,118,1,0.18,28,360360,51,1,0.005,10,5.3,healthy
